2019年07月04日|盘丝洞音乐集团出洞 _ Jasmine炸丝满@重庆寅子剧场|http://mp.weixin.qq.com/s?__biz=MzA5NDAwMjc4NA==&mid=2649740862&idx=1&sn=3b57a3b99963767570559acae581308c
2019年07月02日|夜校突发 _ 技术·社会·赋权——与谷歌工程师圆桌谈|http://mp.weixin.qq.com/s?__biz=MzA5NDAwMjc4NA==&mid=2649740859&idx=1&sn=a892577733dc453ca13e7230540d78b0
2019年06月20日|定海夜校vol.6 是谁来自山川湖海却囿于厨余与爱 _ vol.7 时代歌友会——通俗音乐的时代感和“我们”|http://mp.weixin.qq.com/s?__biz=MzA5NDAwMjc4NA==&mid=2649740852&idx=1&sn=917378b898766d98a8a88c5660a28741
2019年06月14日|打蘸水 _1 分享会_ “春风吹又生”|http://mp.weixin.qq.com/s?__biz=MzA5NDAwMjc4NA==&mid=2649740841&idx=1&sn=fc275f24606739bbd732cb43f12ac64f
2019年06月08日|分享图片|http://mp.weixin.qq.com/s?__biz=MzA5NDAwMjc4NA==&mid=2649740834&idx=1&sn=9791701be51e70e687094532b42a5972
2019年06月06日|海草剧场 _《草芥2019.6》明晚开场！端午连续好戏三天！|http://mp.weixin.qq.com/s?__biz=MzA5NDAwMjc4NA==&mid=2649740831&idx=1&sn=3cfff71408f137b956f19d7992261525
2019年06月01日|海草剧场 _《草芥2019.6》新释放少量名额预约拼手速！|http://mp.weixin.qq.com/s?__biz=MzA5NDAwMjc4NA==&mid=2649740826&idx=1&sn=16d9fe10e0457914a2dacf5b73576d17
2019年05月31日|定海夜校研讨课 _ 「东宫—西宫」视觉记录+夜谈|http://mp.weixin.qq.com/s?__biz=MzA5NDAwMjc4NA==&mid=2649740807&idx=1&sn=41a6ed054ed3d3784d72ad925cb5c921
2019年05月30日|分享图片|http://mp.weixin.qq.com/s?__biz=MzA5NDAwMjc4NA==&mid=2649740795&idx=1&sn=e57fc4a531f46b216caa547bb21085d8
2019年05月27日|《草芥2019.6》春风过后，杂草丛生|http://mp.weixin.qq.com/s?__biz=MzA5NDAwMjc4NA==&mid=2649740794&idx=1&sn=78bdd4764cb5e5d4e1888c7ecd9ba2ce
2019年05月18日|懒汉组特别企划 · 东北写作者特典套装突然发售UNFOLD|http://mp.weixin.qq.com/s?__biz=MzA5NDAwMjc4NA==&mid=2649740777&idx=1&sn=b7febc20b0c6dcee4972f2e3c489f740
2019年04月26日|定海夜校vol.5 _ 模因膜法memegic|http://mp.weixin.qq.com/s?__biz=MzA5NDAwMjc4NA==&mid=2649740769&idx=1&sn=3d4608197eed571aa47be22a5339b73a
2019年04月21日|农园特供！！！摸鱼组合+混音升级|http://mp.weixin.qq.com/s?__biz=MzA5NDAwMjc4NA==&mid=2649740756&idx=1&sn=c7ab1caa8dfe4b13d5c3e39d34abc135
2019年04月13日|明天 _ “一起来帮啊吹想博士题目”工作坊|http://mp.weixin.qq.com/s?__biz=MzA5NDAwMjc4NA==&mid=2649740743&idx=1&sn=df9569e25fc67de44e3ff75b32fbb475
2019年04月05日|换衣间 _ 春季帆布包交换大会 x 缝纫工作坊|http://mp.weixin.qq.com/s?__biz=MzA5NDAwMjc4NA==&mid=2649740735&idx=1&sn=058807de6234d27254159afd94fc9625
2019年04月01日|互助改变世界|http://mp.weixin.qq.com/s?__biz=MzA5NDAwMjc4NA==&mid=2649740730&idx=1&sn=70e51644c6744f164acc424ff16e585b
2019年04月01日|太痛心！上海知名大学毕业生竟做出这种事！|http://mp.weixin.qq.com/s?__biz=MzA5NDAwMjc4NA==&mid=2649740730&idx=2&sn=826487de3a0a2dd41a2947fbe8654bd9
2019年03月30日|海草计划 _ 剧场召集务虚会，青年乱谈马拉松|http://mp.weixin.qq.com/s?__biz=MzA5NDAwMjc4NA==&mid=2649740713&idx=1&sn=a7b732fa08306d418593dee2ae8970f2
2019年03月28日|总有地方摆摊儿 _ 从长辛店到定海桥|http://mp.weixin.qq.com/s?__biz=MzA5NDAwMjc4NA==&mid=2649740706&idx=1&sn=0faf878d1d5fd5b253a97bc82612f246
2019年03月22日|【城市谈·弹城市】个体实践，共同关怀与地方命运 ——与Jeff Hou的mapping恳谈工作坊|http://mp.weixin.qq.com/s?__biz=MzA5NDAwMjc4NA==&mid=2649740698&idx=1&sn=7325731fe929a76dd153141d6683f9f0
2019年03月19日|【城市谈·弹城市】动词造音工作坊|http://mp.weixin.qq.com/s?__biz=MzA5NDAwMjc4NA==&mid=2649740687&idx=1&sn=f2c29dacfcaa28f47d0c09c0225be42a
2019年03月16日|笨蛋皇驾到，团聚庆生 ！以及半日流动版画工作坊|http://mp.weixin.qq.com/s?__biz=MzA5NDAwMjc4NA==&mid=2649740671&idx=1&sn=f07c5f6a3416da35980ded8b220bbf85
2019年03月09日|定海夜校公开课 _「成为你自己」就是一种力量|http://mp.weixin.qq.com/s?__biz=MzA5NDAwMjc4NA==&mid=2649740662&idx=1&sn=c57e285945ab5a9fa7cdbcaded95a852
2019年03月04日|友情关注 _ 被嫌弃的大学路二楼三楼四楼五楼六楼……|http://mp.weixin.qq.com/s?__biz=MzA5NDAwMjc4NA==&mid=2649740651&idx=1&sn=a21a1f65c6d10b37ff8d06bfd41a8d2a
2019年03月03日|友情关注 _ 被嫌弃的大学路二楼三楼四楼五楼六楼……|http://mp.weixin.qq.com/s?__biz=MzA5NDAwMjc4NA==&mid=2649740648&idx=1&sn=2bf0781ef65335932cf7992edb8ef6b1
2019年02月05日|定海桥互助社新年贺电|http://mp.weixin.qq.com/s?__biz=MzA5NDAwMjc4NA==&mid=2649740646&idx=1&sn=f4b0d39d803899e4c1f0ef967e784592
2019年01月20日|「游击的戏精」 搭桥机动队大型室内剧场虚拟招募|http://mp.weixin.qq.com/s?__biz=MzA5NDAwMjc4NA==&mid=2649740615&idx=1&sn=6da93e5ba5f3291fa10323b2b714f4e7
2019年01月19日|懒汉上京 · 番薯游击！京都_东京「非紧急召集」~|http://mp.weixin.qq.com/s?__biz=MzA5NDAwMjc4NA==&mid=2649740607&idx=1&sn=7ea4f7b2d9891d6a72ffd597cb215c6a
2019年01月16日|就爱听你放彩虹屁——张宜苏张鹏程握手茶话会|http://mp.weixin.qq.com/s?__biz=MzA5NDAwMjc4NA==&mid=2649740596&idx=1&sn=c21c573fcbe730fbd0106996447f270a
2019年01月10日|懒汉组 _ 喜迎松本哉 · 懒汉笨蛋新春涂鸦会|http://mp.weixin.qq.com/s?__biz=MzA5NDAwMjc4NA==&mid=2649740575&idx=1&sn=ad34adbd37737263d8607e5eac4d5060
2019年01月09日|【突发夜校】@_￥从高圆桥到定海寺…&__醉谈游击|http://mp.weixin.qq.com/s?__biz=MzA5NDAwMjc4NA==&mid=2649740573&idx=1&sn=8cfb3448baf3ba45d4f098ad9f3793e5
2019年01月02日|分享图片|http://mp.weixin.qq.com/s?__biz=MzA5NDAwMjc4NA==&mid=2649740563&idx=1&sn=f6afadde59f26b1c676b199bf066c57d
2018年12月24日|定海夜校公开课 _《仇庄日志》放映 & 包旸x李牧对谈|http://mp.weixin.qq.com/s?__biz=MzA5NDAwMjc4NA==&mid=2649740540&idx=1&sn=6bc9e0b6910906b3a9ab5930a3acc655
2018年12月21日|定海游击_ _看展不如烤番薯，禹步不如跳跳舞|http://mp.weixin.qq.com/s?__biz=MzA5NDAwMjc4NA==&mid=2649740530&idx=1&sn=667ba8fa3f377d6548eb9c89b2797cb3
2018年12月20日|分享图片|http://mp.weixin.qq.com/s?__biz=MzA5NDAwMjc4NA==&mid=2649740513&idx=1&sn=bf92ae00c06f361a081d0f597c8b1ff3
2018年12月14日||http://mmbiz.qpic.cn/mmbiz_jpg/QEottrLhBTicZB332IorgXBic0d2GLiaj2QQmnBoyXadUl90gGzNs9kkekriaeb22ia67qtPlOOun2ACum7jP0GoukQ/0?wx_fmt=jpeg
2018年12月07日|“建筑与联合”恳谈工作坊 _ 设计行动、大众与公共性|http://mp.weixin.qq.com/s?__biz=MzA5NDAwMjc4NA==&mid=2649740505&idx=1&sn=c50702b0c4a14965a9debf0df6863e20
2018年12月06日|假如我们是邻居——原力觉醒@定海桥互助社|http://mp.weixin.qq.com/s?__biz=MzA5NDAwMjc4NA==&mid=2649740503&idx=1&sn=d8ff9c98328e36f0735b225f3beb0a1e
2018年12月03日|【定海夜XIAO】饥饿的我们，从荒岛出发~|http://mp.weixin.qq.com/s?__biz=MzA5NDAwMjc4NA==&mid=2649740500&idx=1&sn=861410e675a3f6e473b78cf2452e6602
2018年12月01日|分享图片|http://mp.weixin.qq.com/s?__biz=MzA5NDAwMjc4NA==&mid=2649740489&idx=1&sn=f145a428ffa3f4b9bf0d7bb81facb680
2018年11月28日|演出地点通知 _ 定海老妖挠街头|http://mp.weixin.qq.com/s?__biz=MzA5NDAwMjc4NA==&mid=2649740484&idx=1&sn=fb58f207ea49e49c3a9d33ed964d1415
2018年11月26日|定海老妖挠街头 _ 11.28同行招募|http://mp.weixin.qq.com/s?__biz=MzA5NDAwMjc4NA==&mid=2649740471&idx=1&sn=4d7f0d1c655fd24e7aebb05db0c82753
2018年11月16日|互助夜校／据说很“流X”的城市考古分享会～|http://mp.weixin.qq.com/s?__biz=MzA5NDAwMjc4NA==&mid=2649740462&idx=1&sn=75ad2a27d75f973c30d909c6c42893d0
2018年11月14日|懒汉放映 _ 慢慢工作|http://mp.weixin.qq.com/s?__biz=MzA5NDAwMjc4NA==&mid=2649740445&idx=1&sn=5e7b8df076b055bc96956a49caf21ed8
2018年10月30日|分享图片|http://mp.weixin.qq.com/s?__biz=MzA5NDAwMjc4NA==&mid=2649740438&idx=1&sn=9562883b2b7a5b3f340f8b162e56f0f0
2018年10月27日|来！！！大型定海互助漫游OPEN DAY|http://mp.weixin.qq.com/s?__biz=MzA5NDAwMjc4NA==&mid=2649740432&idx=1&sn=31c6b2c2c33b7e2f70f3b432703da593
2018年10月27日|人类不行，快上饿车|http://mp.weixin.qq.com/s?__biz=MzA5NDAwMjc4NA==&mid=2649740432&idx=2&sn=dc02b4f912a493c4fc275cedcb24cde9
2018年10月25日|来访分享／十九世纪“壮游”时代的上海|http://mp.weixin.qq.com/s?__biz=MzA5NDAwMjc4NA==&mid=2649740404&idx=1&sn=4c770bc01b9ef14be86d9e426cd41cd4
2018年10月24日|定海贩售 _ 互助社周边上新|http://mp.weixin.qq.com/s?__biz=MzA5NDAwMjc4NA==&mid=2649740396&idx=1&sn=19043aa8f1790f6e2aae26b952572d09
2018年10月14日|分享图片|http://mp.weixin.qq.com/s?__biz=MzA5NDAwMjc4NA==&mid=2649740373&idx=1&sn=5e1cd45ef0e67dbfcabdcd5dd6abe524
2018年10月13日|搭桥机动队 _ 上桥集团开业剪彩即将开始|http://mp.weixin.qq.com/s?__biz=MzA5NDAwMjc4NA==&mid=2649740371&idx=1&sn=3f10b9ec4599445b58a592597eb6802b
2018年10月11日|定海突发 _ “搭桥机动队”前往西岸助力“上桥集团”盛大开业！|http://mp.weixin.qq.com/s?__biz=MzA5NDAwMjc4NA==&mid=2649740369&idx=1&sn=5f315328f088644905f2f980ce5b518b
2018年10月08日|10月10日 _ 下班自由舞会 @ 远方书屋|http://mp.weixin.qq.com/s?__biz=MzA5NDAwMjc4NA==&mid=2649740343&idx=1&sn=6638432dacfc1e941cd470d0f6eb0bc6
2018年09月28日|周末两吃 _ 周五土豆蹲鸡互助厨房 + 周六生态小农联盟来访|http://mp.weixin.qq.com/s?__biz=MzA5NDAwMjc4NA==&mid=2649740335&idx=1&sn=13a48198a356764479bb35b68ccbd81a
2018年09月21日|停___互助社将于明日占领浦东之嘴的一颗金牙|http://mp.weixin.qq.com/s?__biz=MzA5NDAwMjc4NA==&mid=2649740330&idx=1&sn=9d62f3eb4f74c911b516ccac3d45b08c
2018年09月20日|广州 _ 行动从纸上开始：定海桥互助社活动海报回顾展览|http://mp.weixin.qq.com/s?__biz=MzA5NDAwMjc4NA==&mid=2649740318&idx=1&sn=a7d8a67b5ca318608f9d6c2803d69718
2018年09月19日|贺 _ 互助社改名“定海桥王占黑作品代售点”一日|http://mp.weixin.qq.com/s?__biz=MzA5NDAwMjc4NA==&mid=2649740315&idx=1&sn=f269e6c2930f1f8423191f4be4ccbb38
2018年09月14日|周末两趴 _ 星期六相约定海鹊桥 + 处女座民煮生日会|http://mp.weixin.qq.com/s?__biz=MzA5NDAwMjc4NA==&mid=2649740291&idx=1&sn=09ea2b56f1b564af07c97ef43a099479
2018年09月08日||http://mmbiz.qpic.cn/mmbiz_jpg/QEottrLhBTibYtgEh5XA0gZc8ibPniaOM7oE3icQwVzuQEZIUliaBSK6BXkyfj3ejRDFkDEo7uH9ptptxmhiaFAYhjOA/0?wx_fmt=jpeg
2018年08月24日|自职会组委 _ 8.26社会人恳谈会：上班这件事|http://mp.weixin.qq.com/s?__biz=MzA5NDAwMjc4NA==&mid=2649740278&idx=1&sn=a6b39c63b412331d38b4618016a00090
2018年08月17日|过江小分队 _ 定海有鹊桥，相约星期六|http://mp.weixin.qq.com/s?__biz=MzA5NDAwMjc4NA==&mid=2649740276&idx=1&sn=17f7835582f44a5b5cd001f1b8e9dda1
2018年08月15日|子木和心源谈【平平无奇的一个晚上】：广州城中村影像协作计划|http://mp.weixin.qq.com/s?__biz=MzA5NDAwMjc4NA==&mid=2649740263&idx=1&sn=6cd24d4fb61110fa5b5ccbff45706c99
2018年08月12日|活动预告 _ “更加积极的亚洲观”恳谈会+漫游活动|http://mp.weixin.qq.com/s?__biz=MzA5NDAwMjc4NA==&mid=2649740259&idx=1&sn=7fcfca56d50d562575ceb6818078bf7b
2018年08月11日|今日快闪 _ 闸北地质层现代考古大暴走：一次对实践-知识之辩证法的行动尝试|http://mp.weixin.qq.com/s?__biz=MzA5NDAwMjc4NA==&mid=2649740251&idx=1&sn=4fc47f91fc4b9b9fbc52d55b6609e2b0
2018年08月08日|来访圆桌 _ “屋在这里”系列活动第二弹：空间×社×阳台×厅|http://mp.weixin.qq.com/s?__biz=MzA5NDAwMjc4NA==&mid=2649740243&idx=1&sn=7255d98157d58301c8ba0cc076ba7bf5
2018年08月07日|圆桌巡游 _ “屋在这里”第一场：咖啡亭 x 书屋 x 社|http://mp.weixin.qq.com/s?__biz=MzA5NDAwMjc4NA==&mid=2649740213&idx=1&sn=c61434868a6356f784c8aab8942015e7
2018年08月04日||http://mmbiz.qpic.cn/mmbiz_jpg/QEottrLhBTicrePKQclEpmsJKwiaDah75XljQ2urX8ymic9tTsfSrCZ3mQPqC6X8hf2Yibw4oWmjyDzCsj9vGTB7fg/0?wx_fmt=jpeg
2018年08月02日|发布 _ 定海桥互助社共治计划（附近期公开计划及筹备回顾）|http://mp.weixin.qq.com/s?__biz=MzA5NDAwMjc4NA==&mid=2649740207&idx=1&sn=8f85a5955de01e370240a0b831dab2f3
2018年08月02日|《葛宇路》纪录片放映+导演圆桌讨论 _ 地方-行动研习会|http://mp.weixin.qq.com/s?__biz=MzA5NDAwMjc4NA==&mid=2649740207&idx=2&sn=b6098e984d51d28eb02409fb4a2cc5cf
2018年07月31日||http://mmbiz.qpic.cn/mmbiz_png/QEottrLhBTib40w05kSFK286VAVhTvfibBdBVg4P0iaxaLPlLpnnl3UoQUFmuDcyicQ6YVuIiaxqzeictf9JDjEqVY5Q/0?wx_fmt=png
2018年07月28日||http://mmbiz.qpic.cn/mmbiz_jpg/QEottrLhBT87BB34rKT5QrpBX88eWFLqibem00ibib1yV9d6HaAibbyBics09cg8WrtYjibHzvlnOdw1koUBXOyU8IOg/0?wx_fmt=jpeg
2018年07月21日||http://mmbiz.qpic.cn/mmbiz_jpg/QEottrLhBT8KiboTH0iaLbWBomUqFNYNVCcONyMbiaichBbtCribt9pWr7B1dUwfxEcAL2lE4aPFjGjZ840ETffS8TA/0?wx_fmt=jpeg
2018年07月19日|定海草药走起来！卡牌大赛+影像研习+本地导赏+药膳食堂+圆桌讨论|http://mp.weixin.qq.com/s?__biz=MzA5NDAwMjc4NA==&mid=2649740195&idx=1&sn=457d8027abeaa916fcadf18b04ee9430
2018年07月13日||http://mmbiz.qpic.cn/mmbiz_jpg/QEottrLhBT8z7U9GenSqzAl3Go5rkVHqLxibfejuicouRIT8J322ZsHXsZgsazpT8a4JLbTc26KzuiabBbU4G6ic9A/0?wx_fmt=jpeg
2018年07月10日|已修改 来访圆桌 _ 标签与被标签：关于“社会参与式艺术”的大鸣大放大讨论|http://mp.weixin.qq.com/s?__biz=MzA5NDAwMjc4NA==&mid=2649740183&idx=1&sn=d0af9a90c57aaaad4a966fa3eb5027ce
2018年06月29日|abC北京艺术书展，A-50展位|http://mp.weixin.qq.com/s?__biz=MzA5NDAwMjc4NA==&mid=2649740175&idx=1&sn=3f900840c73ae64f6d7b29e67c68263a
2018年06月27日|双活动 _ 游击画室1.5期 + 怎么搞线上自治空间|http://mp.weixin.qq.com/s?__biz=MzA5NDAwMjc4NA==&mid=2649740163&idx=1&sn=456d1621cc1752409dec2f3e662d2bd9
2018年06月25日|unfold 2018 热烈缺氧书丛人海中的两天半|http://mp.weixin.qq.com/s?__biz=MzA5NDAwMjc4NA==&mid=2649740160&idx=1&sn=9735422b92f2e0e014028d249eb87f31
2018年06月22日|Unfold2018，F16展位|http://mp.weixin.qq.com/s?__biz=MzA5NDAwMjc4NA==&mid=2649740147&idx=1&sn=fe34e10219106a6168ecac84b42fdbd6
2018年05月23日|5月26日 _ 定海桥二手店大巡礼+旧衣物互换及摆摊大作战！|http://mp.weixin.qq.com/s?__biz=MzA5NDAwMjc4NA==&mid=2649740139&idx=1&sn=2a798971e3fd5e356561675dfdc51c95
2018年05月22日|王占黑：从街头小霸王到世界大笨蛋|http://mp.weixin.qq.com/s?__biz=MzA5NDAwMjc4NA==&mid=2649740134&idx=1&sn=bd057921081a31b2029e29ae5fe8b126
2018年05月03日|「毛线的故事 _ 游戏工作坊 」招募定海桥的小朋友|http://mp.weixin.qq.com/s?__biz=MzA5NDAwMjc4NA==&mid=2649740122&idx=1&sn=be2faa7c359f6d209d2f3ebc492d7c0d
2018年04月13日|王占黑小说节选|http://mp.weixin.qq.com/s?__biz=MzA5NDAwMjc4NA==&mid=2649740108&idx=1&sn=3a1274628063589d877c206cc2ac4ca4
2018年04月13日|王占黑这是要干什么？|http://mp.weixin.qq.com/s?__biz=MzA5NDAwMjc4NA==&mid=2649740108&idx=2&sn=8d15d9ce3cb244ed98c1c7431282349b
2018年03月24日|已删除 51人 _ 景云里强迁的过程|http://mp.weixin.qq.com/s?__biz=MzA5NDAwMjc4NA==&mid=2649740095&idx=1&sn=cb10818875a51a914a9d46b543df5289
2018年03月23日|已删除 51人 _ 景云里7号今日被强迁|http://mp.weixin.qq.com/s?__biz=MzA5NDAwMjc4NA==&mid=2649740076&idx=1&sn=f93bf4ab92e1e35c8e288ac0167d0019
2018年02月23日|逃避不可耻，胡闹大反乱_《世界大笨蛋反乱手册》上海首发|http://mp.weixin.qq.com/s?__biz=MzA5NDAwMjc4NA==&mid=2649740072&idx=1&sn=edd67a400ece4420fc682cc788d51fb1
2018年02月22日|菜篮子工作站日志（七）|http://mp.weixin.qq.com/s?__biz=MzA5NDAwMjc4NA==&mid=2649740071&idx=1&sn=118dfdc85748af33f150433ba733d7f5
2018年02月19日|菜篮子工作站日志（六）|http://mp.weixin.qq.com/s?__biz=MzA5NDAwMjc4NA==&mid=2649740051&idx=1&sn=7fc072c05bbd24793a1c4222a5143a60
2018年02月14日|定海桥互助社恭贺新禧~|http://mp.weixin.qq.com/s?__biz=MzA5NDAwMjc4NA==&mid=2649740045&idx=1&sn=bf9c0bb3c18d881360030fe8fb391761
2018年02月11日|菜篮子工作站日志（四）|http://mp.weixin.qq.com/s?__biz=MzA5NDAwMjc4NA==&mid=2649740037&idx=1&sn=aa360b1840c5634547a246153cf0d941
2018年02月07日|菜篮子工作站日志（三）|http://mp.weixin.qq.com/s?__biz=MzA5NDAwMjc4NA==&mid=2649740031&idx=1&sn=c21d326e79e2b6db264ece3b2e5fd559
2018年02月04日|急寻店面：竺师傅的故事|http://mp.weixin.qq.com/s?__biz=MzA5NDAwMjc4NA==&mid=2649740025&idx=1&sn=eb7d6323e67f06ee4ab9f2fa6aabebce
2018年02月02日|菜篮子工作站日志（二）|http://mp.weixin.qq.com/s?__biz=MzA5NDAwMjc4NA==&mid=2649740017&idx=1&sn=9d24992160891e221bddb0bbf50350f5
2018年01月30日|菜篮子工作站日志（一）|http://mp.weixin.qq.com/s?__biz=MzA5NDAwMjc4NA==&mid=2649740013&idx=1&sn=4495183556681f169ee4cd9de1557d03
2018年01月25日|“菜篮子工作站”在延庆路开张~|http://mp.weixin.qq.com/s?__biz=MzA5NDAwMjc4NA==&mid=2649740008&idx=1&sn=e7fd4c1b83ae4579f5f2aac3f7e8c559
2018年01月24日|定海谈 _ 窥视“甜蜜的家”|http://mp.weixin.qq.com/s?__biz=MzA5NDAwMjc4NA==&mid=2649740002&idx=1&sn=02bf662a37fbea894d748fe20a8073ba
2018年01月22日|定海谈 _ 泰国的“社区艺术实践”|http://mp.weixin.qq.com/s?__biz=MzA5NDAwMjc4NA==&mid=2649740001&idx=1&sn=9d79bb8535aecacc5ac62cac546ec766
2018年01月19日|定海谈 _ 作为民族志的噶伦堡：来自别处的书写|http://mp.weixin.qq.com/s?__biz=MzA5NDAwMjc4NA==&mid=2649739987&idx=1&sn=84b59214249f62a3d682acd02933ace9
2018年01月17日|定海谈 _ 关于“社区剧场”的圆桌讨论|http://mp.weixin.qq.com/s?__biz=MzA5NDAwMjc4NA==&mid=2649739982&idx=1&sn=82ea70169c16c462e4f67a0aaf90d48e
2018年01月14日|定海谈_小组自修召集_ 聊聊深港双年展与城市空间艺术季|http://mp.weixin.qq.com/s?__biz=MzA5NDAwMjc4NA==&mid=2649739973&idx=1&sn=628a0cde3d38540422d8cf8aa414233e
2018年01月08日|定海谈 _ 一起来与东京高原寺友人吃喝看片聊聊天~|http://mp.weixin.qq.com/s?__biz=MzA5NDAwMjc4NA==&mid=2649739954&idx=1&sn=0f728396ffcfdb67414e0ddb0bb35d27
2018年01月03日|回放与回顾 _ 我在自行车上跟拍的这场马拉松|http://mp.weixin.qq.com/s?__biz=MzA5NDAwMjc4NA==&mid=2649739950&idx=1&sn=3b578834f1b9e7b6c3dbd76f787929e9
2017年12月31日|“定将消失的马拉松”马上发枪！|http://mp.weixin.qq.com/s?__biz=MzA5NDAwMjc4NA==&mid=2649739945&idx=1&sn=901c7934e5fb42f2e58ca28a51d1d9c1
2017年12月24日|紧急通知~上海空气重度污染蓝色预警_ 定将消失的马拉松延期至下周日同一时间|http://mp.weixin.qq.com/s?__biz=MzA5NDAwMjc4NA==&mid=2649739929&idx=1&sn=e72fc122b28e9c5941259a421b58b734
2017年12月23日|第二届“定将消失的马拉松”周日直播倒计时|http://mp.weixin.qq.com/s?__biz=MzA5NDAwMjc4NA==&mid=2649739922&idx=1&sn=31b343eb9086ff8c91a46caa7c3c19e9
2017年12月20日|报名跑步或评论，参加“定将消失的马拉松”！|http://mp.weixin.qq.com/s?__biz=MzA5NDAwMjc4NA==&mid=2649739917&idx=1&sn=24d7fb6732d44e5f169abe5df34bd9a0
2017年12月17日|“定将消失的马拉松”现场招募|http://mp.weixin.qq.com/s?__biz=MzA5NDAwMjc4NA==&mid=2649739904&idx=1&sn=682acd867e82404b4a5cdcb4caad4c07
2017年12月14日|2018年历《定海路》开始发售|http://mp.weixin.qq.com/s?__biz=MzA5NDAwMjc4NA==&mid=2649739894&idx=1&sn=592d99d255217cd3e58f301bbad5fe91
2017年11月28日|鉴 _ 现代城市发展中吊诡之火|http://mp.weixin.qq.com/s?__biz=MzA5NDAwMjc4NA==&mid=2649739879&idx=1&sn=34f5402da25f30131a3d707544a41a5b
2017年11月24日|定海谈 _ 土山湾孤儿院的历史与艺术意义|http://mp.weixin.qq.com/s?__biz=MzA5NDAwMjc4NA==&mid=2649739871&idx=1&sn=1c3fbfa58dbf81cbeb07012ef6b19a28
2017年11月21日|定海谈 _ 康普村的社区_社群整体性实践|http://mp.weixin.qq.com/s?__biz=MzA5NDAwMjc4NA==&mid=2649739866&idx=1&sn=affba55598c9151ab00b9a277ff78204
2017年11月18日|定海谈 _ “定将消失的马拉松”第一届回顾&第二届献计献策会|http://mp.weixin.qq.com/s?__biz=MzA5NDAwMjc4NA==&mid=2649739857&idx=1&sn=d1dc4aa947a0ea279fe825991864e250
2017年11月17日|友情推介 _ 51人之陈歆汝的新戏预告|http://mp.weixin.qq.com/s?__biz=MzA5NDAwMjc4NA==&mid=2649739846&idx=1&sn=603707ae6bb2144bc6bd794f4ab503c4
2017年11月16日|当代妇女系列研习 _ 纪录片《七上八下》上海首映|http://mp.weixin.qq.com/s?__biz=MzA5NDAwMjc4NA==&mid=2649739839&idx=1&sn=84931b2889b0cc53b31e18a70950cc1c
2017年11月15日|已删除 当代妇女系列研习_ 纪录片《七上八下》上海首映|http://mp.weixin.qq.com/s?__biz=MzA5NDAwMjc4NA==&mid=2649739836&idx=1&sn=cf02dc16b7eebfa798d16fea7c2dbc4b
2017年11月08日|文本研习 _ 《妇女与社会翻转》|http://mp.weixin.qq.com/s?__biz=MzA5NDAwMjc4NA==&mid=2649739827&idx=1&sn=dfef5c83407768319d034748d6b7cc74
2017年10月24日|51人回顾 _ 评弹与城市|http://mp.weixin.qq.com/s?__biz=MzA5NDAwMjc4NA==&mid=2649739818&idx=1&sn=8cbeb7a428d9049f1b2883c41755940b
2017年10月17日|招募 _ 定海桥社区手工印制工作坊|http://mp.weixin.qq.com/s?__biz=MzA5NDAwMjc4NA==&mid=2649739807&idx=1&sn=dce133e65863dadfaa0211f7f14ee88f
2017年10月17日|定海田野 _ 定海路的秋天|http://mp.weixin.qq.com/s?__biz=MzA5NDAwMjc4NA==&mid=2649739807&idx=2&sn=e55727ba8e758c5c0c07d497c1d9d539
2017年10月16日|讲座回顾 _ 徐明：关于纪实摄影中的表现手法与社会介入方法的探讨|http://mp.weixin.qq.com/s?__biz=MzA5NDAwMjc4NA==&mid=2649739795&idx=1&sn=d2b3ea7c5803ec5db622f78857e0bfa9
2017年10月13日|定海谈 _ 定海桥-大桥片区的历史与现实|http://mp.weixin.qq.com/s?__biz=MzA5NDAwMjc4NA==&mid=2649739776&idx=1&sn=84947b6910f06672b50e9026d9614fca
2017年10月09日|定海谈 _ 拆迁区 2014-2016|http://mp.weixin.qq.com/s?__biz=MzA5NDAwMjc4NA==&mid=2649739755&idx=1&sn=85cf5b4062c76175ed365713bfced79a
2017年10月04日|定海谈（表演+讲述） _ 三位云南彝族民间音乐传人|http://mp.weixin.qq.com/s?__biz=MzA5NDAwMjc4NA==&mid=2649739743&idx=1&sn=3f66ac6902064d358423b7b4dc679117
2017年09月27日|理解亞洲 _ 南韓新殖民／分斷體制與「民主課」的不可能性|http://mp.weixin.qq.com/s?__biz=MzA5NDAwMjc4NA==&mid=2649739714&idx=1&sn=becf4f6f32fb5bbba5aca6039e70d921
2017年09月18日|定海谈 _ 从乡村营建到社区在线：文化信仰造就共识社群|http://mp.weixin.qq.com/s?__biz=MzA5NDAwMjc4NA==&mid=2649739709&idx=1&sn=34eb13e23b9d34152d03729343fcc09f&chksm=884e3ab2bf39b3a4c37c0920d4ae0a402c8fe7d5e5da4699bbf2be9f548db878e5e92c4bce40#rd
2017年09月13日|定海谈 _ 茶快船、植物猎人与沃德箱|http://mp.weixin.qq.com/s?__biz=MzA5NDAwMjc4NA==&mid=2649739699&idx=1&sn=3816e5f03db2bceab64c6d30eb7be55e&chksm=884e3abcbf39b3aa3f8e7c5feeafea1d780a7e1973c6fe826097180d1b6bd75380091477930c#rd
2017年09月12日||http://mmbiz.qpic.cn/mmbiz_png/QEottrLhBT8beb4iaH7HOjQzP4bJG3ASaKK3SicCM59a5IHakX0ZaPdvFZMb09A8ianxYjrKia0apd8iceibpmT5pFiag/0?wx_fmt=png
2017年08月25日|推荐 _ 冲绳乐队アルカシルカ Alkasilka在上海~|http://mp.weixin.qq.com/s?__biz=MzA5NDAwMjc4NA==&mid=2649739673&idx=1&sn=1c6d03c73f2a3c4df858a660196e43f2&chksm=884e3a96bf39b3804135a6bba54f691ac33c61ea042ea5121ec6e4ad9bd673c35bf839279146#rd
2017年08月21日|51人回顾 _ 相遇|http://mp.weixin.qq.com/s?__biz=MzA5NDAwMjc4NA==&mid=2649739669&idx=1&sn=06492b51af8085f1292a3ac15501d400&chksm=884e3a9abf39b38cf57cefc344b04d3e0119805c6ff7ba49e79d0c3985301d58ec04bd51cfb0#rd
2017年08月17日|定海谈 _ 从两部纪录片看牙买加的社会与政治|http://mp.weixin.qq.com/s?__biz=MzA5NDAwMjc4NA==&mid=2649739668&idx=1&sn=2ab8d9c60abb77c4e1ab3419597a9c5f&chksm=884e3a9bbf39b38d28b9094575b07d5329d7449eb7f7b8191f5ff786644877f93ce5992f3c04#rd
2017年08月12日|定海桥社区剧场 _ 前三日回顾+12日街头演出欢迎围观！|http://mp.weixin.qq.com/s?__biz=MzA5NDAwMjc4NA==&mid=2649739658&idx=1&sn=3c8770727c03fbe84c22ebac355ed2af&chksm=884e3a85bf39b3939bf7f64167a9314f9f36c8ec5197bcb02ed1022ea92108596ca15de20ec4#rd
2017年08月11日|王子月 _ 转塘拆迁区驻地创作计划|http://mp.weixin.qq.com/s?__biz=MzA5NDAwMjc4NA==&mid=2649739643&idx=1&sn=92ba99303618b73461af29d5109b2444&chksm=884e3a74bf39b3628863ceff3fe66536198ec4e940ea6dc6e304694f62a736cbf2ab9ce4a8b6#rd
2017年08月07日|定海桥社区剧场8月12日街头首演 + 最后一波小演员招募|http://mp.weixin.qq.com/s?__biz=MzA5NDAwMjc4NA==&mid=2649739593&idx=1&sn=14c8562773f6eba2f5f1d5dee7575402&chksm=884e3a46bf39b3502dc09619cf317d98506b2c9990ec314c534820234b826459f9fed95219c6#rd
2017年07月28日|民煮食堂 _ 王阿姨的鲜肉月饼|http://mp.weixin.qq.com/s?__biz=MzA5NDAwMjc4NA==&mid=2649739586&idx=1&sn=a50c3d34b8c7fd17872e323dfac6cdf0&chksm=884e3a4dbf39b35b3de57b09993e3958d38c236d47d99cbdaabc58037e93734c1fa9d8cea7b5#rd
2017年07月24日|“夜行白洋淀”之公助一村里的老构树|http://mp.weixin.qq.com/s?__biz=MzA5NDAwMjc4NA==&mid=2649739581&idx=1&sn=df8003ba93b08c29909142667809e957&chksm=884e3a32bf39b32415ac0ff221830cd7dc53a0339c10ae70fdc1cc84f203185f5a5da9932f9e#rd
2017年07月18日|招募 _ 白洋淀+复兴岛夜游：夜访定海桥构树王|http://mp.weixin.qq.com/s?__biz=MzA5NDAwMjc4NA==&mid=2649739575&idx=1&sn=14dfbb4dca9e2ecfe5c179bc59290fbf&chksm=884e3a38bf39b32eb96ab00749b95235183ce0d2b01eca0fae9ad57479c75a5b755cf5d7c0af#rd
2017年07月17日|定海谈 _ 当代艺术和社会是什么关系？艺术如何社会实践？|http://mp.weixin.qq.com/s?__biz=MzA5NDAwMjc4NA==&mid=2649739564&idx=1&sn=10fdb8b7e659d43a4e96d68cd24dcc5f&chksm=884e3a23bf39b3359c7ef8153cdaaf344250a959e62bd78a5c7bdd5050585cb8c9eb9ffce084#rd
2017年07月15日|定海谈 _ 《隐形的城市》放映及映后谈|http://mp.weixin.qq.com/s?__biz=MzA5NDAwMjc4NA==&mid=2649739559&idx=1&sn=b9f6b1bf85d1c9bcae3e6c0a006681ea&chksm=884e3a28bf39b33e51096d0d41400ff50a6b670df074659530ce52903bd4a853f3464095eefc#rd
2017年07月06日|定海桥驻地计划长期招募|http://mp.weixin.qq.com/s?__biz=MzA5NDAwMjc4NA==&mid=2649739556&idx=1&sn=48607a9d48914af87fb8f9d6b618143e&chksm=884e3a2bbf39b33d3e467637969fb81ed419727002444b9e9d212bcba9d97449c9c00f2e498c#rd
2017年07月06日|艺术创作跳跳跳：为你而准备的定海桥艺术创作活动|http://mp.weixin.qq.com/s?__biz=MzA5NDAwMjc4NA==&mid=2649739556&idx=2&sn=10822cb384ad97b0b9fc0b329661b713&chksm=884e3a2bbf39b33d4ffb530ae6dc3c54da199bd2c0c9b0da38de0fa5285bf96f5fc1a6360b43#rd
2017年06月18日|临时集体档案馆 _ 一次档案知觉的行动尝试：欢迎加入|http://mp.weixin.qq.com/s?__biz=MzA5NDAwMjc4NA==&mid=2649739545&idx=1&sn=f99fcafc38b93aaefcad04b4d1e282ec&chksm=884e3a16bf39b300f73ddf0489b39657df2ea4a46614dce9ab72ee7e2a606696e36de89a404e#rd
2017年06月16日||http://mmbiz.qpic.cn/mmbiz_jpg/QEottrLhBT9IkLJJOWe5pnEKEo9Q0h2ZFiavNu5QUhwiccu60Tfsd13C17DMpIoZ1sUR5ZnSC6MFwuVtGoKn945w/0?wx_fmt=jpeg
2017年06月08日|鉴 _ 重访香港市区重建问题与论述|http://mp.weixin.qq.com/s?__biz=MzA5NDAwMjc4NA==&mid=2649739533&idx=1&sn=5e003f087912f4c4627a72173e641f45&chksm=884e3a02bf39b31401f973327670f15ae2e8dff342446e8fa816d625ed4a0c9ed31861da896a#rd
2017年06月07日|51人回顾 _《关于丁玉磊》后记|http://mp.weixin.qq.com/s?__biz=MzA5NDAwMjc4NA==&mid=2649739530&idx=1&sn=17a97cc85200649fff27755ecc9f52c0&chksm=884e3a05bf39b31343f18fd87240b09718ae5c24207fe52584314e0bcdbc383afd60d413d243#rd
2017年05月27日|51人回顾 _ 写作的冒险家|http://mp.weixin.qq.com/s?__biz=MzA5NDAwMjc4NA==&mid=2649739512&idx=1&sn=44523dba211d00b3f3d2e29bb663d352&chksm=884e3bf7bf39b2e15c7e39fced62a6bfd8f2a4179dd74dc4b30db825040067fb94cc01f6e35a#rd
2017年05月26日|定海谈 _ 当下政治环境中的日惹当代艺术|http://mp.weixin.qq.com/s?__biz=MzA5NDAwMjc4NA==&mid=2649739509&idx=1&sn=19acf42513e86ccec83489558ed259b2&chksm=884e3bfabf39b2ec7cc61336b0dba4621631c16442dc4a26f6aa8b8028800d5a9c20514094df#rd
2017年05月24日|51人回顾 _ 从科技馆湿地看一种对城市的权利|http://mp.weixin.qq.com/s?__biz=MzA5NDAwMjc4NA==&mid=2649739497&idx=1&sn=fc53cff335555696e11945177b19bc07&chksm=884e3be6bf39b2f0e34140894641148275a5a85a4b572586ad9124c1ef4d95ac5e63b82c7437#rd
2017年05月21日|定海谈 _ What is a Home_ 何为家？|http://mp.weixin.qq.com/s?__biz=MzA5NDAwMjc4NA==&mid=2649739493&idx=1&sn=98f29c3a99a1840c201283658d46ee6c&chksm=884e3beabf39b2fcd2ff1390d09dc2a8aa0d9448a10707afbf5c64be89021db25fec24d31251#rd
2017年05月21日|SPACE STATION_ THE SCHOOL OF ENVIRONMENT AND ARCHITECT|http://mp.weixin.qq.com/s?__biz=MzA5NDAwMjc4NA==&mid=2649739493&idx=2&sn=6cfc1c5c1ea47cbeefe97fab3d4358d5&chksm=884e3beabf39b2fcc4a465a8807a227781815b30be18a4d32a288e43805efa3012390f720242#rd
2017年05月20日|定海谈 _ 全球士绅化与另类城市主义行动在东亚|http://mp.weixin.qq.com/s?__biz=MzA5NDAwMjc4NA==&mid=2649739484&idx=1&sn=1e29e82c545a7ef03bafd4a36cad9994&chksm=884e3bd3bf39b2c5f40e969e6af50ff2256fbb4ca100e9f25aab5869202a4628fd0d25e3a212#rd
2017年05月17日|定海谈 _ 天津，“遗民”之城|http://mp.weixin.qq.com/s?__biz=MzA5NDAwMjc4NA==&mid=2649739471&idx=1&sn=595bb087e46404b7e3d5ffd9df2e998c&chksm=884e3bc0bf39b2d61a5288c9e7bdf48d9614ad5888cbe619910ec9deb855a8f998263827b523#rd
2017年05月13日|定海谈 _ 城市荒野与未来|http://mp.weixin.qq.com/s?__biz=MzA5NDAwMjc4NA==&mid=2649739409&idx=1&sn=b10c39c81eb1233b0c5818ba0cd2acb7&chksm=884e3b9ebf39b2880d26f256842d342adc911f16138438b4447346861dd86fc06546a25f3ef6#rd
2017年05月12日|51人回顾 _ 景云里活动后记|http://mp.weixin.qq.com/s?__biz=MzA5NDAwMjc4NA==&mid=2649739402&idx=1&sn=910f90ec10a847c47fe2ba17ed9297e1&chksm=884e3b85bf39b2935f7a8611165999094ab2cf1f1c72dca2f53f059215489c6542e6f0d6cfad#rd
2017年05月11日|王阿姨秘制鲜肉月饼 · 定海桥互助社出品|http://mp.weixin.qq.com/s?__biz=MzA5NDAwMjc4NA==&mid=2649739400&idx=1&sn=9e91c23f101b736de254cdb039954c15&chksm=884e3b87bf39b29175dd0b85112bc091272e56e11cec293babd8079e0bb4986210130c55c1c3#rd
2017年05月10日|源生坊 _ 云南民族文化传习馆：二十年后的回望|http://mp.weixin.qq.com/s?__biz=MzA5NDAwMjc4NA==&mid=2649739397&idx=1&sn=b549b07b7519d8c30e86eb448011c5aa&chksm=884e3b8abf39b29c13e08b6bd09154d5241404f9c1fdc5fefe14dc788280a8f8340c6c02c12d#rd
2017年05月09日|定海谈 _ 民族文化旅游与（去）遗产化|http://mp.weixin.qq.com/s?__biz=MzA5NDAwMjc4NA==&mid=2649739360&idx=1&sn=8003cfa306c6b225a39d0e1df5e035a4&chksm=884e3b6fbf39b2793186a1ad20a11bb2b5b0932cc8172c030f8595ee96a1a17248f7ef1917fb#rd
2017年05月08日|51人回顾 _ 公交车上的城市旅行|http://mp.weixin.qq.com/s?__biz=MzA5NDAwMjc4NA==&mid=2649739342&idx=1&sn=7bd139c68f500fba51f9565b297c4597&chksm=884e3b41bf39b25797333dc85bf220d54c912d168df4fde606f53d161d276220a3836ad3b7bf#rd
2017年05月02日|51人回顾 _ 我的哑剧我的戏|http://mp.weixin.qq.com/s?__biz=MzA5NDAwMjc4NA==&mid=2649739325&idx=1&sn=7da009f4d6451dc376637d254702ed38&chksm=884e3b32bf39b224e91c7005a8d484f9e19885a7b7d9d911d69e3147b34d79de83231d1a772d#rd
2017年04月25日|51人回顾_ 面对海鸥4A，或407个零件|http://mp.weixin.qq.com/s?__biz=MzA5NDAwMjc4NA==&mid=2649739308&idx=1&sn=91e977d179cb07895f3fb9fac8ccdeea&chksm=884e3b23bf39b2355f3e783f7a20f582fc96149c67e65cb01dac955cd7b23e30d418aac16d28#rd
2017年04月18日|南岛言志：自由思考的追寻永不懈怠|http://mp.weixin.qq.com/s?__biz=MzA5NDAwMjc4NA==&mid=2649739279&idx=1&sn=6725db3e90bc3709c74cd90e022e4810&chksm=884e3b00bf39b2160d14fb78749b18dd46e55c94f61904c45431396c7b067cc0ca0182d03705#rd
2017年04月18日|地方·身份·记忆|http://mp.weixin.qq.com/s?__biz=MzA5NDAwMjc4NA==&mid=2649739279&idx=2&sn=591bf94053f7a3c2805457be06ab401c&chksm=884e3b00bf39b2166708dc855aa167ddfd93edb99326e9bd8db89ca8c3f678112d487260b5ca#rd
2017年04月12日|定海谈 _ 奉化实验：自下而上地“美丽乡村”|http://mp.weixin.qq.com/s?__biz=MzA5NDAwMjc4NA==&mid=2649739254&idx=1&sn=193a63e47ab8e8ff47cdf0f2a87ef458&chksm=884e24f9bf39adefa0b5d89621ee1fe9a1463716b54480aba512ca7daf5253032aa9dc08e2ad#rd
2017年04月10日|51人回顾 _ 从水上到岸上|http://mp.weixin.qq.com/s?__biz=MzA5NDAwMjc4NA==&mid=2649739247&idx=1&sn=497469c00e40466c4b8ecd874f720588&chksm=884e24e0bf39adf68b5b73e406e95390ce38854221a86295c468dd041ecce000856ab2b61293#rd
2017年04月06日|定海谈 _ 从“嫏嬛福地”到“天一阁”|http://mp.weixin.qq.com/s?__biz=MzA5NDAwMjc4NA==&mid=2649739222&idx=1&sn=a2dbcf1dbe922820998ce7275afb1c82&chksm=884e24d9bf39adcf1fc91307aa5ae3cf2e2335f93a5647341b14e98d7ffdf05f4fcb44ce105d#rd
2017年04月05日|看缪师父如何在定海桥制作青团|http://mp.weixin.qq.com/s?__biz=MzA5NDAwMjc4NA==&mid=2649739221&idx=1&sn=a2eb67279385c05a47cb4a4f9d89f43a&chksm=884e24dabf39adcc35a704dd157407ab7dd11fe83213b0217c561781bc2288c745dc8bb079d2#rd
2017年04月02日|龚卓军_交陪·影像：台湾摄影史中的民俗志（视频）|http://mp.weixin.qq.com/s?__biz=MzA5NDAwMjc4NA==&mid=2649739212&idx=1&sn=2ed5797b9e4e9ea9d403de11d1dc7747&chksm=884e24c3bf39add5299f40f97e7342468d63be03faf17205ab330382006fdf7c03bcecd3a6a2#rd
2017年03月29日|元宵茶话会回顾 _ 三个面对|http://mp.weixin.qq.com/s?__biz=MzA5NDAwMjc4NA==&mid=2649739206&idx=1&sn=14fad1d1e82f383b91eebedd7ef05fc1&chksm=884e24c9bf39addf63ba6bdfa645806df872e2d38460b7bb3aa8b3409f6c4377d4918963716b#rd
2017年03月27日|缪记手工青团正在赶制中！|http://mp.weixin.qq.com/s?__biz=MzA5NDAwMjc4NA==&mid=2649739198&idx=1&sn=8fa9b4f07ff0372952919e2d4f1f0332&chksm=884e24b1bf39ada7024698f1a3546a9cea67e90c3a1d0c4436226ea295f48f794dd5765d698e#rd
2017年03月21日|缪记手工青团 · 定海桥互助社出品|http://mp.weixin.qq.com/s?__biz=MzA5NDAwMjc4NA==&mid=2649739178&idx=1&sn=4747926e9e10671772a64e58ea3a37cb&chksm=884e24a5bf39adb3d7bde088dfc43201e724611271aef919e2d229c98678baf4abda75c312d5#rd
2017年03月10日|上双“51人” _ 赵衎威与评弹票友：“自深深处”|http://mp.weixin.qq.com/s?__biz=MzA5NDAwMjc4NA==&mid=2649739169&idx=1&sn=eb3fb7cd3e630fca5f82bfe7cb18f28b&chksm=884e24aebf39adb851370437fa8e3b5094f87b4654674d4b21d31b73f0748eca9ba3d88fb089#rd
2017年03月10日|上双“51摊” _ 最后一期|http://mp.weixin.qq.com/s?__biz=MzA5NDAwMjc4NA==&mid=2649739169&idx=2&sn=d27f78eb376b85ce771658c0bb74f7a8&chksm=884e24aebf39adb83594565fd358ba8fc571343e6edff97875a8861efa2965fe580fbf92ba35#rd
2017年03月07日|51人 _ 临终关怀工作者：王莹|http://mp.weixin.qq.com/s?__biz=MzA5NDAwMjc4NA==&mid=2649739153&idx=1&sn=5fd114c1caea423f8254cb1782c248d5&chksm=884e249ebf39ad88ecc22c2d031d2bdf7033444a398a48adb23bf30bb7c7e7e5954c4df1d4f2#rd
2017年03月05日|51人 _ 女王，性的实践家|http://mp.weixin.qq.com/s?__biz=MzA5NDAwMjc4NA==&mid=2649739151&idx=1&sn=84b7fcf8de318cafce97846eb61f2f17&chksm=884e2480bf39ad96252d722f8d25caddf7af8828a0cbb87cab4abeb9241a9ff861bf66c222f5#rd
2017年03月03日|上双“51人”_ 哑剧《逃之夭夭》结局|http://mp.weixin.qq.com/s?__biz=MzA5NDAwMjc4NA==&mid=2649739145&idx=1&sn=5119db6ce6fd6e6d07d31d12f5e345f7&chksm=884e2486bf39ad90b0903dee2c9112c5bc178f8bd5127717280fa0667ecf33939f607a699a0e#rd
2017年03月02日|上双“51人” _ 创作面包的人 ：于焕楼|http://mp.weixin.qq.com/s?__biz=MzA5NDAwMjc4NA==&mid=2649739138&idx=1&sn=b0de365fabc17da2c826d8328a847157&chksm=884e248dbf39ad9b59ee9264fb51c5594317806e61aafaa580f6d79bd7d1bd25b131f81df6aa#rd
2017年03月01日|上双“51人” _ 一位商场物业HR和她朋友们的橱窗哑剧|http://mp.weixin.qq.com/s?__biz=MzA5NDAwMjc4NA==&mid=2649739130&idx=1&sn=4168253916c8f17f9f5cd6020dd152d5&chksm=884e2475bf39ad6336f8126b08a440e68d6899320f7af379344df22180699fa61d5f6c5ebcae#rd
2017年03月01日|“51人”招募 _ 十位讲故事的人|http://mp.weixin.qq.com/s?__biz=MzA5NDAwMjc4NA==&mid=2649739130&idx=2&sn=09c0fc3471d89a5f0cfd36b23422799b&chksm=884e2475bf39ad63dc05555b1facfcd838982bd8392ee9a46e5eb85b80dcd968c471b80a16f7#rd
2017年02月28日|定海谈 _ 《吴仲贤的故事》放映与联线|http://mp.weixin.qq.com/s?__biz=MzA5NDAwMjc4NA==&mid=2649739105&idx=1&sn=cf354243c88f4635ee8b9ed00d40d99e&chksm=884e246ebf39ad783e1c97bb8370e9549ec98c9d62e7c163a42fd07598fedb44a313126b2642#rd
2017年02月27日|51人回顾 _ 静默的电台：一份个人记录|http://mp.weixin.qq.com/s?__biz=MzA5NDAwMjc4NA==&mid=2649739097&idx=1&sn=4b316a1ac8abceb9670173883c8dd56a&chksm=884e2456bf39ad4093b1db69859a7397918ece1dd2aac0f46a15df39c0311f9ec12bdae3f240#rd
2017年02月26日|“上双51人” _ 直播松江：集体与时代精神|http://mp.weixin.qq.com/s?__biz=MzA5NDAwMjc4NA==&mid=2649739089&idx=1&sn=3604bbc7d1a17b748887b6f14d78e51d&chksm=884e245ebf39ad48bc0efed93314e5658a217d2edfcdd2c967f7ec2895c7e05a52a00a59dfb5#rd
2017年02月24日|51人回顾 _（曾）匍匐在刘行的快递站长（口述实录）|http://mp.weixin.qq.com/s?__biz=MzA5NDAwMjc4NA==&mid=2649739086&idx=1&sn=c9c667c112962cdad65e8e31d6ede24b&chksm=884e2441bf39ad5792b895655348fc6204d96af7220d4c3cbdb780cdcc7a332cb45ae4f66f7f#rd
2017年02月23日|51人回顾 _ 什么样的历史，谁的历史值得保护？|http://mp.weixin.qq.com/s?__biz=MzA5NDAwMjc4NA==&mid=2649739065&idx=1&sn=40aaf230092d39d43b0f76f24ea3ffd8&chksm=884e2436bf39ad209671ffdd82119a9cdf881ed07c5131ea2e87a8cf661e2bc17a98fcc0f0fa#rd
2017年02月22日|上双“51人” _ 2月26日，生活在对方国度的人|http://mp.weixin.qq.com/s?__biz=MzA5NDAwMjc4NA==&mid=2649739041&idx=1&sn=ea03fdc336ddd888fc3f7720eb483e1b&chksm=884e242ebf39ad383ac53ff51e89c1979e3523e95dac313588c321d6fd0927bb58d7e84483f4#rd
2017年02月21日|上双“51人” _ 2月25日，六零年代的亲历者|http://mp.weixin.qq.com/s?__biz=MzA5NDAwMjc4NA==&mid=2649739032&idx=1&sn=a9d808b8ff786db002051777061c241a&chksm=884e2417bf39ad01e93d1b9a251acb0044bc8ecb6861c507d3f3301e6ef05d35e9059e36ef3c#rd
2017年02月20日|定海谈 _ 儿玉浩宜号召上海大笨蛋吃喝聊天看看片|http://mp.weixin.qq.com/s?__biz=MzA5NDAwMjc4NA==&mid=2649739030&idx=1&sn=3f239f6ee88725b833d17278fc71d064&chksm=884e2419bf39ad0f01f5f1500e2a53f5572bb8b0467d04f6b1211027e7ffbb7b54660dcb6504#rd
2017年02月19日|51人回顾 _ 只要有墙，我就要写在墙上|http://mp.weixin.qq.com/s?__biz=MzA5NDAwMjc4NA==&mid=2649739026&idx=1&sn=2850ba296977aa3cd1cc336173cbf27e&chksm=884e241dbf39ad0b40891aa36eb3b1146fea9e9681850f9c6f6c2dd17c62a4e50ff7f1d3922c#rd
2017年02月18日|上双“51人” _ 在身体和语言之间 The Acrobat Returns|http://mp.weixin.qq.com/s?__biz=MzA5NDAwMjc4NA==&mid=2649738979&idx=1&sn=ba44ff33ab79a0472a978387db2cee63&chksm=884e25ecbf39acfaeac7c1e7314994453f2427d48e64be1792abbaa757c71ebf7241f2162172#rd
2017年02月16日|“上双51人” _ 收藏“红色时光”的人：刘德保|http://mp.weixin.qq.com/s?__biz=MzA5NDAwMjc4NA==&mid=2649738966&idx=1&sn=b9ac8f81bb76eeb0fd280870713eb0f7&chksm=884e25d9bf39accfa29675a608474952ec2fb9dd4e6cafbb86810a8b634f6d0b5ff578644c3b#rd
2017年02月16日|上双51人：邀请评弹票友上台献艺|http://mp.weixin.qq.com/s?__biz=MzA5NDAwMjc4NA==&mid=2649738966&idx=2&sn=214aaa68a377d1c7614daa5c8d072700&chksm=884e25d9bf39accf4dd2081c689b3e5b60343dc42f48bfe1f1b1f54c653fa14b95cbefb4f080#rd
2017年02月14日|定海谈 _ 从传习馆师生的变迁，看云南民族民间音乐艺人的状况|http://mp.weixin.qq.com/s?__biz=MzA5NDAwMjc4NA==&mid=2649738952&idx=1&sn=97d37a404959fc76a61741b8525e9ea6&chksm=884e25c7bf39acd1cea6ee22c32eeba8302882ed7654bbe1f67efd5ee1179e9ba9e5439cd1d2#rd
2017年02月14日|上双“51人”_ 热爱音乐的人|http://mp.weixin.qq.com/s?__biz=MzA5NDAwMjc4NA==&mid=2649738952&idx=2&sn=a159343893c1cc0544e5fc70374adf9f&chksm=884e25c7bf39acd19a69f048d51c9283787340fc29978aa51e39400817f3ba2863de64614b22#rd
2017年02月13日|上双“51人” _ 热爱无线电的人|http://mp.weixin.qq.com/s?__biz=MzA5NDAwMjc4NA==&mid=2649738940&idx=1&sn=80391a5122d595f8941bc8d01530f63b&chksm=884e25b3bf39aca5a5dea423b7a8ae65ee3441e93ce1b9e7ec4ec127494da4831d183fe6bcd6#rd
2017年02月09日|定海桥互助社元宵茶话会欢迎各界群众踊跃参加，相聚虹口，相聚安国路~|http://mp.weixin.qq.com/s?__biz=MzA5NDAwMjc4NA==&mid=2649738939&idx=1&sn=0164e8405996682829fcb398c4679d0f&chksm=884e25b4bf39aca2345d2eb96f4727b10e853f08b89d609bd0cdfa89cdbc6d1a7ed377078419#rd
2017年02月09日|上双“51人” _ 2月12日，殖民与乡土的探求者|http://mp.weixin.qq.com/s?__biz=MzA5NDAwMjc4NA==&mid=2649738939&idx=2&sn=959c8f053b0c8a97db94e7e876ce378d&chksm=884e25b4bf39aca29012cadc59866bfc570f125a8750afde4246d35b92d25b3836059e1ad6c7#rd
2017年02月09日|上双“51人” _ 51个摊 连载第十二周|http://mp.weixin.qq.com/s?__biz=MzA5NDAwMjc4NA==&mid=2649738939&idx=3&sn=951079eae048b71718478972f1850c10&chksm=884e25b4bf39aca2dd846a28bccd5f2c818de6dbb14dd154f032f9896ebaabaf226ed909d56b#rd
2017年02月08日|51人回顾 _ 阿青刺青51人本周六第三回预告！|http://mp.weixin.qq.com/s?__biz=MzA5NDAwMjc4NA==&mid=2649738924&idx=1&sn=fe3f1f3486e2e693a7d9287c8dd88f74&chksm=884e25a3bf39acb5977e04fe7916ac9838ec3a745a2700777f4ddb3b1254c95878f29edc3748#rd
2017年02月04日|51人回顾 _ 二十载学艺，十年如一日，今一回首|http://mp.weixin.qq.com/s?__biz=MzA5NDAwMjc4NA==&mid=2649738911&idx=1&sn=3e6e79d8e7f928b6892b095fe45abdc7&chksm=884e2590bf39ac8654695d94f65b7f6c8e7ccdcc526a0869bd07319b54f7053510940e13fea6#rd
2017年02月03日|51人回顾 _ 看康定路从色变空|http://mp.weixin.qq.com/s?__biz=MzA5NDAwMjc4NA==&mid=2649738900&idx=1&sn=249a14be502828d64a168b37cf5528dc&chksm=884e259bbf39ac8d0aff09ff2caf06317d782f4505c8d1a1670481a6cf2859dec1d302435982#rd
2017年02月02日|上双“51人” _ 不想离开的人|http://mp.weixin.qq.com/s?__biz=MzA5NDAwMjc4NA==&mid=2649738883&idx=1&sn=d9ad3dcc436da497fa81f8abd5352296&chksm=884e258cbf39ac9ab7e3bec5e8ec53aebaae9ca097de7ad2ad29ff05a7c0a3160776be63723b#rd
2017年01月31日|51人回顾 _ 昌化路上的持香人：在时空裂缝上点亮一种观看|http://mp.weixin.qq.com/s?__biz=MzA5NDAwMjc4NA==&mid=2649738874&idx=1&sn=edc62b68f775863e9ce8a920e94fa21c&chksm=884e2575bf39ac63ed3bc5a0be10c394e29ca1d191d239cf4cd095cdaa4f290a2e73c966d909#rd
2017年01月30日|上双“51人” _ 关心湿地的人|http://mp.weixin.qq.com/s?__biz=MzA5NDAwMjc4NA==&mid=2649738845&idx=1&sn=0cf28b0eecfac3bad54ac7f8151f7c11&chksm=884e2552bf39ac44e29e426ebcbde1a9dbb85d3cb6349487264f7633f67fd5234d54cfd4a433#rd
2017年01月27日|上双“51人” _ 艺术家的妻子|http://mp.weixin.qq.com/s?__biz=MzA5NDAwMjc4NA==&mid=2649738826&idx=1&sn=1b34b858a282a143a62be59d867e4506&chksm=884e2545bf39ac53273bbfd52701c4ceff9a4013817adc5216162e95a271776b1414313c4619#rd
2017年01月27日|定海桥互助社谨以三年前杨浦除夕之历史录音，恭贺大家新春快乐！|http://mp.weixin.qq.com/s?__biz=MzA5NDAwMjc4NA==&mid=2649738826&idx=2&sn=f1a43eba520045e93c4bb15aa543dfc4&chksm=884e2545bf39ac535564a3e2e5391b62e8f24a5bf5978747078394ca20eb7aea02647da8001d#rd
2017年01月24日|上双“51人” _ 51个摊 连载第十一周|http://mp.weixin.qq.com/s?__biz=MzA5NDAwMjc4NA==&mid=2649738811&idx=1&sn=26949a15103855f0a7fa16d33734d314&chksm=884e2534bf39ac220aa893f57399453127ffd6be8652245cce8c0db65b6a0509d84cf7759046#rd
2017年01月23日|定海谈 _ 作为杀伤性武器的数学|http://mp.weixin.qq.com/s?__biz=MzA5NDAwMjc4NA==&mid=2649738805&idx=1&sn=d75d45f16e7c8cdfa274fc8202543276&chksm=884e253abf39ac2ce0c38ae03d58737da1016cfa096207956e750d9d2053402efde0fbc42283#rd
2017年01月22日|上双“51人” _ 搜集拆迁市场的村民|http://mp.weixin.qq.com/s?__biz=MzA5NDAwMjc4NA==&mid=2649738804&idx=1&sn=0a395636e3328986ccd756deea8c5413&chksm=884e253bbf39ac2d3c55ab359f65b92edaa4bf85ffa947b7d3a3b60d162333c470a437c106ec#rd
2017年01月21日|上双“51”人 _ 持香的人|http://mp.weixin.qq.com/s?__biz=MzA5NDAwMjc4NA==&mid=2649738797&idx=1&sn=1be4dabbc5dae43a35a28ac7da580161&chksm=884e2522bf39ac34911d916fdc22efc444a0c98a842f7b824d9eb3812ebf1282d35a5d2f62bc#rd
2017年01月20日|51人回顾 _ 城邦腕力团|http://mp.weixin.qq.com/s?__biz=MzA5NDAwMjc4NA==&mid=2649738791&idx=1&sn=c00d4769891a4c2a1617ae97483ae470&chksm=884e2528bf39ac3e215246d6f72f7a007835b5e9bd0b40f8ee95e15df666c22707a33b242cf2#rd
2017年01月19日|51人回顾 _ 曲阳路上的冬天，熊市中的中国股民|http://mp.weixin.qq.com/s?__biz=MzA5NDAwMjc4NA==&mid=2649738781&idx=1&sn=e993946a6080e80512b3ba71297a8b09&chksm=884e2512bf39ac04504bc3e0f02e9265bf53b23c47f3c6278c0cdcc3a2a2bb9286fdaa8ce0c4#rd
2017年01月18日|上双“51人” _ 新中国第一批空军飞行员|http://mp.weixin.qq.com/s?__biz=MzA5NDAwMjc4NA==&mid=2649738765&idx=1&sn=695595cbe2a54759a1306ccfe570fcfe&chksm=884e2502bf39ac14499c48437df3127c7f9d4f586d3e167a322463c0776bce118eba2c4147fd#rd
2017年01月17日|上双“51人” _ 1月21日，暗黑城市的寻访者|http://mp.weixin.qq.com/s?__biz=MzA5NDAwMjc4NA==&mid=2649738759&idx=1&sn=23e8001c471e3410976cba5cd6be13e3&chksm=884e2508bf39ac1e0cdf237cd4b5113b60e028ce0a38a5193e4d38719a1cd01659a98d81a4d8#rd
2017年01月16日|上双“51人” _ 51个摊 连载第十周|http://mp.weixin.qq.com/s?__biz=MzA5NDAwMjc4NA==&mid=2649738755&idx=1&sn=13a6dbcd3f23e0f9e4eeea8bbf0d7006&chksm=884e250cbf39ac1aa67d5c0f070ea5a6f81747a9829666bc415f69642ac1a51dbc4d40b35992#rd
2017年01月15日|定海谈 _ 大世界的二三事|http://mp.weixin.qq.com/s?__biz=MzA5NDAwMjc4NA==&mid=2649738736&idx=1&sn=4a84115966393cdd582b32b27c4b8cd7&chksm=884e26ffbf39afe9323646a24e116daf825c4d19afc8cb77a35451e7ff1eafeef8ad35d5c06d#rd
2017年01月13日|51人刺青本明日第二回！|http://mp.weixin.qq.com/s?__biz=MzA5NDAwMjc4NA==&mid=2649738714&idx=1&sn=81e54a713ac9e793fd0531c7c48c1c0f&chksm=884e26d5bf39afc33ae4b38f225147980f925679d10e65f82f1b5247053edcb778d23e717c9a#rd
2017年01月11日|上双“51人” _ 多重生命的演绎人|http://mp.weixin.qq.com/s?__biz=MzA5NDAwMjc4NA==&mid=2649738704&idx=1&sn=c6a187b80d55dfaf899143bd089680d1&chksm=884e26dfbf39afc9076e1fb4e305ee63f823268b710b83919b9f58b121fc6e3bc7f57eedcd49#rd
2017年01月11日|上双“51人” _ 51个摊，连载第九周|http://mp.weixin.qq.com/s?__biz=MzA5NDAwMjc4NA==&mid=2649738704&idx=2&sn=c1b01aa8cbe42e481796e52bc8cd091a&chksm=884e26dfbf39afc9d0fe998b01a262e6ca2a9120933241f49455573ae342b97fb112a75f8137#rd
2017年01月10日|51 Personae _ How to think about Future_ 如何思考未来？|http://mp.weixin.qq.com/s?__biz=MzA5NDAwMjc4NA==&mid=2649738690&idx=1&sn=fffb4ebb3bc48e442c654c004b84be24&chksm=884e26cdbf39afdbafb33849add88be715557ff5721c56273ee1835c0d42a2ae5762dcff5e21#rd
2017年01月09日|定海谈 _ 艺术的社会实践在珠三角：从「居民论坛」到「44剧场」（实践论第三回）|http://mp.weixin.qq.com/s?__biz=MzA5NDAwMjc4NA==&mid=2649738680&idx=1&sn=dead401993fa324904db9dcd80c6cc8a&chksm=884e26b7bf39afa1296ddf87407eb50fdb44dfced1ab5b2922302f15b35af4f29bec91721602#rd
2017年01月08日|上双“51”人 _ 戴帽子的诗人朱琺|http://mp.weixin.qq.com/s?__biz=MzA5NDAwMjc4NA==&mid=2649738676&idx=1&sn=0e02e61b0974dcd566d7b6748394928c&chksm=884e26bbbf39afad8d2b184b2373fc48bbd038ddef30c5b2273fa0a9d6a401d2355db6b3700a#rd
2017年01月06日|招募 _ 上双“51人” 用慢跑向大坝提问|http://mp.weixin.qq.com/s?__biz=MzA5NDAwMjc4NA==&mid=2649738664&idx=1&sn=847fc9da3ab9105bfbbb766410c930ed&chksm=884e26a7bf39afb12a7e561430af0dc4e0342e145d69d0736b3a7173b0dd218a3a0e55670450#rd
2017年01月06日|上双“51人” _ 十年如一日的青年书画家|http://mp.weixin.qq.com/s?__biz=MzA5NDAwMjc4NA==&mid=2649738664&idx=2&sn=c4fd821de89c0386fa1c7a90fcd72397&chksm=884e26a7bf39afb1b12c97811322dacddbfa9152da53a81ec5728eadcbc652264e32dfb04130#rd
2017年01月05日|上双“51人” _ 51人特供刺青艺术家和51人刺青图样发布！|http://mp.weixin.qq.com/s?__biz=MzA5NDAwMjc4NA==&mid=2649738656&idx=1&sn=c4144b0778fc2cac4162a23d537cf6ef&chksm=884e26afbf39afb9c919ffed1ad9d0d46c1073709c921297760b41e5a09153a811462ddbf362#rd
2017年01月05日|招募 _ 上双“51人” 青草沙水库5.1公里的长跑者|http://mp.weixin.qq.com/s?__biz=MzA5NDAwMjc4NA==&mid=2649738656&idx=2&sn=b2d72b448dcecbeb0f083ef017fdb693&chksm=884e26afbf39afb91dd3afb4092496de0b773982bc3f2bcac8fee43fa656857fedcb6eace6e9#rd
2017年01月04日|田英成 _ 砂拉越左翼运动历史|http://mp.weixin.qq.com/s?__biz=MzA5NDAwMjc4NA==&mid=2649738635&idx=1&sn=1c9bd1acaffaeebe1ae4f3a2cb52c927&chksm=884e2684bf39af9270e8fc9cb87790081f4a282adb620e098dabc95f8bc765a3de500ecb700a#rd
2017年01月03日|定海谈 _ 《赤道雨》放映与导演连线|http://mp.weixin.qq.com/s?__biz=MzA5NDAwMjc4NA==&mid=2649738607&idx=1&sn=fb6411415e024e60e461728b87622c8b&chksm=884e2660bf39af76b42981ba2241f3331685c1fffc3f26ced48070ec1dad142d747be14aae54#rd
2017年01月03日|上双“51人” _ 1月8日，公交车迷就要上51人公交车~|http://mp.weixin.qq.com/s?__biz=MzA5NDAwMjc4NA==&mid=2649738607&idx=2&sn=9617c517c597b1801ed5c0a1698f27b4&chksm=884e2660bf39af765c66dcb7a4d34258aa1b9442b9a08cb50bfcd541e818b866fec511f43f87#rd
2017年01月03日|上双“51人” _ 51个摊 连载第八周|http://mp.weixin.qq.com/s?__biz=MzA5NDAwMjc4NA==&mid=2649738607&idx=3&sn=029c8457f3ba1811baf9e3f6327ce68a&chksm=884e2660bf39af766411714687a84c8337c02b299f4b5a25055e4b1c4de4d83e68305515490b#rd
2017年01月03日|上双“51人” _ 1月6日，股民邓先生|http://mp.weixin.qq.com/s?__biz=MzA5NDAwMjc4NA==&mid=2649738607&idx=4&sn=70c3079058836699ab65d044170ddc1a&chksm=884e2660bf39af76a87ea6c3b1ecef25bc06eae740da3f4646e3a51ed4c6391975f8a4694a3e#rd
2017年01月03日|上双“51人” _ 1月7日，改造相机的人|http://mp.weixin.qq.com/s?__biz=MzA5NDAwMjc4NA==&mid=2649738607&idx=5&sn=7d9781c356247ad9c0d2ac44c0751e2a&chksm=884e2660bf39af76c38bbd052b1f6c3691fe3c0287974b816b93d68fa9ebc5de9303b3f41850#rd
2017年01月02日|上双“51人” _ 1月6日，股民邓先生|http://mp.weixin.qq.com/s?__biz=MzA5NDAwMjc4NA==&mid=2649738585&idx=1&sn=29652e8331ddb287d52c02b1736bd27a&chksm=884e2656bf39af40c7d1e7df6cd7fe49910132c0d9defbf064503d9ba57778f71915bfd9016f#rd
2017年01月02日|上双“51人” _ 1月7日，改造相机的人|http://mp.weixin.qq.com/s?__biz=MzA5NDAwMjc4NA==&mid=2649738585&idx=2&sn=3971febbb187cf96790fe9d84c0a704c&chksm=884e2656bf39af400a725ce4b791dac1c47c12be15e940137cc2d1f8da7e9ee06412b2b472f8#rd
2016年12月31日|上双“51人” _ 1月2日，古镇的异乡人|http://mp.weixin.qq.com/s?__biz=MzA5NDAwMjc4NA==&mid=2649738574&idx=1&sn=a91e43f470e204ae6e0d3fa1257273b3&chksm=884e2641bf39af5739e373bdcb621833a16d820bfc840190341fc4184c14eaeb150644827173#rd
2016年12月31日|51人回顾 _ 通过文本获得解放|http://mp.weixin.qq.com/s?__biz=MzA5NDAwMjc4NA==&mid=2649738574&idx=2&sn=9e7544136cd7363969be732a15df6fb0&chksm=884e2641bf39af5790b631fa6f2b8a56a4864bc32fa336d7e8853a2e167ad1f44207f258661b#rd
2016年12月28日|定海談 _ 交陪．影像：台灣攝影史中的民俗誌|http://mp.weixin.qq.com/s?__biz=MzA5NDAwMjc4NA==&mid=2649738552&idx=1&sn=3c7815fca97630da7d6bc6f90f934526&chksm=884e2637bf39af21e26622819beda01d66f2e39c9663cf3e4515cf24775961989e0bec98a69d#rd
2016年12月28日|上双“51人” _ 12月31日最后四小时，被李俊小视频中的2016年炸碎|http://mp.weixin.qq.com/s?__biz=MzA5NDAwMjc4NA==&mid=2649738552&idx=2&sn=d50bbe012dc284c984d7bd28388de5e5&chksm=884e2637bf39af212bd5a78114bdb5e5d04178c0f5a93d36feeb69697dca66eecfca870b22b3#rd
2016年12月28日|上双“51人” _ 试乘+茶话会：摩托车视角中的上海道路|http://mp.weixin.qq.com/s?__biz=MzA5NDAwMjc4NA==&mid=2649738552&idx=3&sn=35436fb00d27b957b4ec344d83f09f61&chksm=884e2637bf39af21c8c1c08c4b2edf9e3251ebec3215f474512b054e5295895fef82ce95508f#rd
2016年12月27日|上双“51人” _ 12月31日最后四小时，被李俊小视频中的2016年炸碎|http://mp.weixin.qq.com/s?__biz=MzA5NDAwMjc4NA==&mid=2649738544&idx=1&sn=daa97f556d4ade59b9a3286e5bc47849&chksm=884e263fbf39af29ee150618326176404556b1287f60e988097917fd6c759ca96d9c496866a0#rd
2016年12月27日|上双“51人” _ 51个摊 连载第七周|http://mp.weixin.qq.com/s?__biz=MzA5NDAwMjc4NA==&mid=2649738544&idx=2&sn=91771555ad31cff9396175b390dd5efb&chksm=884e263fbf39af296308fea17c73d58f8c3f281df769a71bde339fd974f383aaa35f473f3d3c#rd
2016年12月22日|51人招募试乘者！在后座上体验合法、负责的摩托车骑行~|http://mp.weixin.qq.com/s?__biz=MzA5NDAwMjc4NA==&mid=2649738532&idx=1&sn=88dd9c4567a71944839654df5573f64a&chksm=884e262bbf39af3db7f4e8df6334a6856b96adc99b566cde3970ea91efba51ec033fe182bec1#rd
2016年12月20日|上双“51人” _ 12月25日，来听快递站长的“顾村报告”吧！|http://mp.weixin.qq.com/s?__biz=MzA5NDAwMjc4NA==&mid=2649738526&idx=1&sn=6f33623e799962838cfce72260261f12&chksm=884e2611bf39af0706cc25fe57033dc147f3261873c6d3fab1c47d15a2a04bec06df31f58e3f#rd
2016年12月20日|51人回顾 _ 包裹甜蜜之糖标协会|http://mp.weixin.qq.com/s?__biz=MzA5NDAwMjc4NA==&mid=2649738526&idx=2&sn=74a6c4ee31743bd1a29155e6d402bed8&chksm=884e2611bf39af07d09eeb3a5f200a269f82d56205bf92d250fa7a11049d37eebfe537a7edc7#rd
2016年12月19日|51人回顾 _ 让故事静静流淌|http://mp.weixin.qq.com/s?__biz=MzA5NDAwMjc4NA==&mid=2649738522&idx=1&sn=9d501152bfa21510d52c9c793b363b24&chksm=884e2615bf39af0330581439d485ea64cb1964b8fb4445b48bbad19ffcdf4c3ea9271a9ad511#rd
2016年12月19日|上双“51人” _ 51个摊 连载第六周|http://mp.weixin.qq.com/s?__biz=MzA5NDAwMjc4NA==&mid=2649738522&idx=2&sn=9ae304a8bd57f49ed4bb0234b732ed9e&chksm=884e2615bf39af03dcc79abb09ed7933c67d48d5323bc70b1ff21029fb10755316062d582d3a#rd
2016年12月14日|上双“51人”_12月18日，“坚韧的地方志撰写者”|http://mp.weixin.qq.com/s?__biz=MzA5NDAwMjc4NA==&mid=2649738482&idx=1&sn=f1f87388382b64091adb7f5d893f1223&chksm=884e27fdbf39aeeb82ea3818c838fa1c2c953ba0ff63d756dc5891a1901942524fa87afa1e7c#rd
2016年12月12日|上双“51人” _ 12月17日，冥想的交易员|http://mp.weixin.qq.com/s?__biz=MzA5NDAwMjc4NA==&mid=2649738471&idx=1&sn=02b9901ccc52bdd32e6a4a928e50d7da&chksm=884e27e8bf39aefe7492a012d310f53552598f4f19bb8032e4bdc3e69aa90d6028b105fe7966#rd
2016年12月12日|51人回顾 _ 尉亮轮：亲切的记忆|http://mp.weixin.qq.com/s?__biz=MzA5NDAwMjc4NA==&mid=2649738471&idx=2&sn=bdfe041c122107e097607335ee859719&chksm=884e27e8bf39aefe738a59bbcc425f7f99334e7ef99058ccbe49710c48d96dab99de8997aaeb#rd
2016年12月12日|上双“51人” _ 51个摊 连载第五周|http://mp.weixin.qq.com/s?__biz=MzA5NDAwMjc4NA==&mid=2649738471&idx=3&sn=e87ffbf8ee5eeec819bbe7d6cc736f9d&chksm=884e27e8bf39aefe563659197b038e68582a4b3f66acc2f5ac42e1343f788f97dcd59118151e#rd
2016年12月10日|51人回顾 _ 李辉与偒傣话|http://mp.weixin.qq.com/s?__biz=MzA5NDAwMjc4NA==&mid=2649738444&idx=1&sn=87b0edf337f6974055266c2941e784a7&chksm=884e27c3bf39aed576dabacd0b768326901e08babf450a8fe2f253e94977d4a90f563822576d#rd
2016年12月08日|上双“51人” _ 12月11日，糖纸侦探社|http://mp.weixin.qq.com/s?__biz=MzA5NDAwMjc4NA==&mid=2649738432&idx=1&sn=23a9485670d25bfcc20e898cc78af3a3&chksm=884e27cfbf39aed9c0735e5249abd66f4f67a047be71fdd7d1a57620d3c0e69927f73af43032#rd
2016年12月06日|上双“51人” _ 12月10日，扳手腕的人|http://mp.weixin.qq.com/s?__biz=MzA5NDAwMjc4NA==&mid=2649738415&idx=1&sn=0495c52fd4a82877b344da5b285c5b39&chksm=884e27a0bf39aeb6751f097bbd57df652261ac665843c2bfd0fd485397a5e4013bb7c7046ddf#rd
2016年12月06日|上双“51人” _ 51个摊 连载第四周|http://mp.weixin.qq.com/s?__biz=MzA5NDAwMjc4NA==&mid=2649738415&idx=2&sn=786a9a7a7b548ae70f60803a97b31315&chksm=884e27a0bf39aeb6a40ae7e1cf9f8eb49e33fa5294925de5df51f21df498aa55799ba0ce199a#rd
2016年12月05日|51人回顾 _ 在上海之巅|http://mp.weixin.qq.com/s?__biz=MzA5NDAwMjc4NA==&mid=2649738403&idx=1&sn=d3f13b1e2ff2f3e49d8762d7f9a1f3f9&chksm=884e27acbf39aebad6444ee5f37bf553a836e90c1ce16299584dc05f690386942c5f26b50e2c#rd
2016年11月30日|上双“51人” _ 12月3日，世界上元音最多的语言|http://mp.weixin.qq.com/s?__biz=MzA5NDAwMjc4NA==&mid=2649738382&idx=1&sn=3b059919fd2f413664007643025f0d4c&chksm=884e2781bf39ae97a865b0e3848cd4db1a29e8889488bbd5a83c53d2cb5f1934176fd76a3d7d#rd
2016年11月30日|上双“51人” _ 12月4日，保存叫卖声音的人|http://mp.weixin.qq.com/s?__biz=MzA5NDAwMjc4NA==&mid=2649738382&idx=2&sn=96e49cba336b2c0a618412e25eec9627&chksm=884e2781bf39ae97c18d886d090724f8f7af6efbce738ff260f4d740e6cab5ae075ad7d864dd#rd
2016年11月29日|上双“51人” _ 51个摊 连载第三周|http://mp.weixin.qq.com/s?__biz=MzA5NDAwMjc4NA==&mid=2649738364&idx=1&sn=22b439f0e034a2617d3a77180b7bd07b&chksm=884e2773bf39ae65a64a1e3b1933190e4580e4f042ccb3bb739d84b9e3545af3c706d8f2b457#rd
2016年11月29日|上双“51人” _ 12月1日，千禧年出生的高中生|http://mp.weixin.qq.com/s?__biz=MzA5NDAwMjc4NA==&mid=2649738364&idx=2&sn=20a87769912b480102d8778e96e61845&chksm=884e2773bf39ae65476d65b695e1943c44e8ffd3924c6e0a63cc00eea9ea6e3ff54e80614b71#rd
2016年11月29日|51人回顾 _ “横竖横”放映地点勘察记|http://mp.weixin.qq.com/s?__biz=MzA5NDAwMjc4NA==&mid=2649738364&idx=3&sn=b7559c47a97ef74defa113a39b308ca9&chksm=884e2773bf39ae65aca080a51c41195ebeabb9d055a8dbb3c9b653f9d2408c4664316a28d8fe#rd
2016年11月28日|51人回顾 _ “横竖横”放映地点勘察记|http://mp.weixin.qq.com/s?__biz=MzA5NDAwMjc4NA==&mid=2649738352&idx=1&sn=f46b80ad164ad3a51102b77778ea4915&chksm=884e277fbf39ae6954ed3966c7ae6f3e30b4e40706ee7a059692e693c1759399b3208c6fb3f3#rd
2016年11月25日|51人回顾_三位老美工|http://mp.weixin.qq.com/s?__biz=MzA5NDAwMjc4NA==&mid=2649738343&idx=1&sn=6ba4d9ade8e38474b9887b83b3f14ec5&chksm=884e2768bf39ae7e7740feb53b915a42276d322ee8e690dd0545937662312ff5811410f4204f#rd
2016年11月24日|上双“51人” _ 11月27日，寻找城市重心的人|http://mp.weixin.qq.com/s?__biz=MzA5NDAwMjc4NA==&mid=2649738331&idx=1&sn=7cc9cad6fca80192c41d12a9a9066351&chksm=884e2754bf39ae428de6ce72e7fb32e97374e382c29a468563fb55b292bde91cb3e1c1eb2e2b#rd
2016年11月23日|51人回顾 _ 我们的工人新村|http://mp.weixin.qq.com/s?__biz=MzA5NDAwMjc4NA==&mid=2649738327&idx=1&sn=04ae8eedc5a013573ed29ce6a982fc73&chksm=884e2758bf39ae4ee5f04ee018535161d9861f36e4e925c8e64e67a773e1ed766b79297a21e6#rd
2016年11月23日|上双“51人” _ 11月26日，千禧电影《横竖横》|http://mp.weixin.qq.com/s?__biz=MzA5NDAwMjc4NA==&mid=2649738327&idx=2&sn=8b4086c3501a3584d452f38935e6ed9e&chksm=884e2758bf39ae4e1bf8db7c43ab79c4cbe7d51681b0e2d69d195bc36a35a0b0e6ba2bf2c760#rd
2016年11月23日|拓展阅读 _ 大师汪定曾建议：忆定村完整保留|http://mp.weixin.qq.com/s?__biz=MzA5NDAwMjc4NA==&mid=2649738327&idx=3&sn=c3b6ca03a3fd8dba3a9fc040f6c0851f&chksm=884e2758bf39ae4e3b6f40790728c82353e4c2df37de7cf9ff8581dae61b61dcc43ba7524788#rd
2016年11月21日|上双“51人” _ 51个摊 连载第二周|http://mp.weixin.qq.com/s?__biz=MzA5NDAwMjc4NA==&mid=2649738297&idx=1&sn=89d940655e1d16a7795131235225c332&chksm=884e2736bf39ae209e748921784d25be9b9efca2f921c784be46ae2c619e7e3d2cf116ce1bb8#rd
2016年11月21日|51人回顾 _ 和平公园围棋角记|http://mp.weixin.qq.com/s?__biz=MzA5NDAwMjc4NA==&mid=2649738297&idx=2&sn=93ea535e1c24380fc3f647896d91e74c&chksm=884e2736bf39ae209e0df1cce9f1d2c7ea9fd33a4bd78e0fbe990f8dac267bc85e6f20977545#rd
2016年11月21日|上双“51人” _ 11月22日，电影院的老美工|http://mp.weixin.qq.com/s?__biz=MzA5NDAwMjc4NA==&mid=2649738297&idx=3&sn=462b098747057cb19a4ec992d9710bac&chksm=884e2736bf39ae200f7dcfee878c3802d05e74bedab6eea78f09b2a99a949fdb25d7ea4e3afb#rd
2016年11月17日|上双“51人” _ 11月19日，来和平公园围棋角下棋|http://mp.weixin.qq.com/s?__biz=MzA5NDAwMjc4NA==&mid=2649738264&idx=1&sn=214ca888cd197b862b7dde6a7b952782&chksm=884e2717bf39ae014b90951616e6cb5ed7a6e48ceae3d2aef6e9319e2fcf4c95df4d7bf6d280#rd
2016年11月17日|上双“51人” _ 11月20日，奶奶的孩子，曹杨的孩子|http://mp.weixin.qq.com/s?__biz=MzA5NDAwMjc4NA==&mid=2649738264&idx=2&sn=1858bdd97ade4006e8bf36d4cb7b957a&chksm=884e2717bf39ae0183ca68435a8dc01dc42973a9eadc88a9955df165e082cd851a461f999bb9#rd
2016年11月15日|51人回顾 _ 记忆、身体、“荣誉感”|http://mp.weixin.qq.com/s?__biz=MzA5NDAwMjc4NA==&mid=2649738242&idx=1&sn=7e72695be67dd49c7b73367a0759c983&chksm=884e270dbf39ae1b6d27da0518071aea889694f215236bbbb7069ec617bd5fb2e508b1ff747f#rd
2016年11月14日|上双“51人” _ 11月14日，“51个摊”记录员|http://mp.weixin.qq.com/s?__biz=MzA5NDAwMjc4NA==&mid=2649738237&idx=1&sn=64700688bfad2bfd1ad981c61482a2c4&chksm=884e20f2bf39a9e412bd1ff2ee7f4b52dbe3ba8ffc7fb0d87d0ae9d6460cfb4813b9eb9733f5#rd
2016年11月14日|上双“51人” _ 51个摊 连载第一周|http://mp.weixin.qq.com/s?__biz=MzA5NDAwMjc4NA==&mid=2649738237&idx=2&sn=079e1efa49bbccbc3e7b9c25c3b82fef&chksm=884e20f2bf39a9e4d81342a1bd766d5b6ebda973bd11e69e522446b897ef69f1e627b80fa05b#rd
2016年11月14日|51人回顾 _ 李中华师傅的自行人生|http://mp.weixin.qq.com/s?__biz=MzA5NDAwMjc4NA==&mid=2649738237&idx=3&sn=831ef2a825fbb38eedcf4e48dde61741&chksm=884e20f2bf39a9e4cb385a767c2007ba2597193bcfbac70af3023604de452be64e32b1bd6202#rd
2016年11月14日|定海谈 _ 越南的文化遗产与文化“遗产化”|http://mp.weixin.qq.com/s?__biz=MzA5NDAwMjc4NA==&mid=2649738237&idx=4&sn=fd36b177fd7ebe479ba128f1e89c1644&chksm=884e20f2bf39a9e49e064f40a1a577923fa01a465f1677d5d83657d0520ca98e66d863a92481#rd
2016年11月14日|定将消失的马拉松～第一届～欢迎加入直播群聊|http://mp.weixin.qq.com/s?__biz=MzA5NDAwMjc4NA==&mid=2649738237&idx=5&sn=b147d0170eb29efcfa62896f00ac8016&chksm=884e20f2bf39a9e4bfc7f55b14bee8cc36ef51e2698ee73a8f8ca927493076816603e6accde6#rd
2016年11月13日|上双“51人” _ 11月15日，和工人足球运动员一起看国足比赛|http://mp.weixin.qq.com/s?__biz=MzA5NDAwMjc4NA==&mid=2649738197&idx=1&sn=03aa8d4c2f98f65cd5e67429304fb6f6&chksm=884e20dabf39a9cce7e89ba25c2372a336eb29346df613e6412e3edc3b7cc6ae7d8d93de73cc#rd
2016年11月13日|号外 _ 《51人》出炉~|http://mp.weixin.qq.com/s?__biz=MzA5NDAwMjc4NA==&mid=2649738197&idx=2&sn=4fd9b96793b3b97abce311756d98d563&chksm=884e20dabf39a9cc7224cdb68a3d1881713d34f539f9aae0667c123915c17b333c790121b2cc#rd
2016年11月12日|51人回顾 _ 缪老板的黄鱼面之味|http://mp.weixin.qq.com/s?__biz=MzA5NDAwMjc4NA==&mid=2649738181&idx=1&sn=a785e019da205a07cc556f842eb98027&chksm=884e20cabf39a9dc9c44ae2469e1df5b23815edf6a41eb3abc13dfaccd2aeb404ef287f7ac20#rd
2016年11月10日|上双“51人” _ 11月12日，雕刻味道的人|http://mp.weixin.qq.com/s?__biz=MzA5NDAwMjc4NA==&mid=2649738162&idx=1&sn=aa9ad0808e3b56c5c7b7f48b91601993&chksm=884e20bdbf39a9ab8bd5f96c36099b1559829d826f2bc61193d11bff3ef2c25bf3146ff9e173#rd
2016年11月10日|上双“51人” _ 11月13日，骑自行车的磨刀人|http://mp.weixin.qq.com/s?__biz=MzA5NDAwMjc4NA==&mid=2649738162&idx=2&sn=a51e2e9185965f71f1cac1a7c1ff31a9&chksm=884e20bdbf39a9ab9e3a6816e5bbaf474889941211468eac562f5cfd985d1a7c9d4df998902a#rd
2016年11月09日|互助社跨年大案：上双“51人”全索引|http://mp.weixin.qq.com/s?__biz=MzA5NDAwMjc4NA==&mid=2649738148&idx=1&sn=8207d534ec8275d755441932cdd468c5&chksm=884e20abbf39a9bd8da08d37e0ae18bd467336a2fb241453016286acf23a662cc3035a6d4d66#rd
2016年11月09日|关于“51人” On _51 Personae_|http://mp.weixin.qq.com/s?__biz=MzA5NDAwMjc4NA==&mid=2649738148&idx=2&sn=0857c3ace26187d9e74561c8e0e24424&chksm=884e20abbf39a9bd9eb4ff92b4f294c02873da04f1e1e647bd371ff59b4e5d4b4b9096f45607#rd
2016年11月07日|论实践：第11届上海双年展预热活动（定海桥互助社专场）|http://mp.weixin.qq.com/s?__biz=MzA5NDAwMjc4NA==&mid=2649738119&idx=1&sn=0932fae31e4ac8936f903382325641a4&chksm=884e2088bf39a99e66207be4bd91c8abfad63255080cd366ae6d1ff9e286c70ce7877012a325#rd
2016年10月28日|定海谈 _ 向孟买的非正规性学习|http://mp.weixin.qq.com/s?__biz=MzA5NDAwMjc4NA==&mid=2649738113&idx=1&sn=9a9f51b9d9fc0f5ca0ba9c2161195dbb&chksm=884e208ebf39a998694113fcc9a97e53c2a97722f701c6790f472ac2f1cc50b91a3e857e4e66#rd
2016年10月25日|上双“51人”_ 纹枰论道：棋手征集令！|http://mp.weixin.qq.com/s?__biz=MzA5NDAwMjc4NA==&mid=2649738107&idx=1&sn=dd4e4e9573a942b28e74c8e8ca2970c5&chksm=884e2074bf39a9625b31ced0ba7407d447f051db491b9992a9468b05daf2fbab1a1bceb3bee9#rd
2016年10月19日|定海谈 _ 从海参崴到毛淡棉|http://mp.weixin.qq.com/s?__biz=MzA5NDAwMjc4NA==&mid=2649738105&idx=1&sn=819331e102920861f7ede6332a9cbba4&chksm=884e2076bf39a960e5aec2ecf1daf0e28b4aa55cabdbb6110a18f903813bcef0b5b44d43a75f#rd
2016年10月06日|定海谈 _ 和449弄足球队一起看中国VS叙利亚是什么滋味？！|http://mp.weixin.qq.com/s?__biz=MzA5NDAwMjc4NA==&mid=2649738101&idx=1&sn=3e6a910474d74db785b891f6b2056dba&chksm=884e207abf39a96c572d9a0f058aee7fb318f97a807242176e98391b1faad90b0fc45e0305d6#rd
2016年09月23日|定海工作会议 _ 社群_社区经济（含素人之乱考察报告&上阳吧台糖水福利）|http://mp.weixin.qq.com/s?__biz=MzA5NDAwMjc4NA==&mid=2649738096&idx=1&sn=921dae997ada9414210e9a9c2d708e74&chksm=884e207fbf39a969892b7eec12e4d9881c3d367399f716799e3d1c1f43f4ab4e3936731edff2#rd
2016年09月23日|民煮食堂在东京，一夜卖掉17份中华盖浇饭！|http://mp.weixin.qq.com/s?__biz=MzA5NDAwMjc4NA==&mid=2649738096&idx=2&sn=a782ccf3c2e5db714eeed5a1952c9597&chksm=884e207fbf39a969a8ce5bd11e46719b1e7ad4dc87348fe77bd6091a3e1f2b07ee73d5c32cb7#rd
2016年09月23日|定海摊在北中夜市~|http://mp.weixin.qq.com/s?__biz=MzA5NDAwMjc4NA==&mid=2649738096&idx=3&sn=63e94adf4ce1ed329b42d8b88decf25c&chksm=884e207fbf39a96942270b838420196a118222283b7a879300bef6f3c59d7e9b9cb30fa1b93d#rd
2016年09月22日|榕树头旅行社定海桥四日游｜兼互助社本地导游服务启动！|http://mp.weixin.qq.com/s?__biz=MzA5NDAwMjc4NA==&mid=2649738090&idx=1&sn=fdb4b2319e9a37959c08a30d7d508077&chksm=884e2065bf39a9738d2da01951f17f8d14a4a4a28178b2dfcd4135008ad65a677980688d8b36#rd
2016年09月18日|定海谈 _ 在贝鲁特的一个月|http://mp.weixin.qq.com/s?__biz=MzA5NDAwMjc4NA==&mid=2649738055&idx=1&sn=a679d3d73494f24fc821979c755e77d9&chksm=884e2048bf39a95e8a5d3c5cbbadedf8106b2a9c4d14d8a997beed9d6dd3815d7cbd73550013#rd
2016年09月15日|互助社月饼出炉！|http://mp.weixin.qq.com/s?__biz=MzA5NDAwMjc4NA==&mid=2649738049&idx=1&sn=8d441bf1db1508931a3235fdb6e9daf6&chksm=884e204ebf39a958ed1015540fc4fc2627cd79636f9eaf41b2631b65bd24a89831ba60e7bb81#rd
2016年09月11日|东京自治区大联欢！进发吧互助社！|http://mp.weixin.qq.com/s?__biz=MzA5NDAwMjc4NA==&mid=2649738032&idx=1&sn=a688d9c0e0f155bf402a5f420220bfa2&chksm=884e203fbf39a92983d967b894c8648bed0b1c6f2e46f2d7cdb46fb253ac0aa5d2f0fecb85f1#rd
2016年09月08日|定海谈｜与北京流火的两个“弱小个体”聊聊帐篷剧：放映和讨论|http://mp.weixin.qq.com/s?__biz=MzA5NDAwMjc4NA==&mid=2649738025&idx=1&sn=02b847a09b3eef12124b59d7b2cea49a&chksm=884e2026bf39a93045b35778d6429ec2de94f5002640e7003025705bed3c05e9805f604bd2d3#rd
2016年09月04日|定海談 _ 越南人比我們更接近我們的祖先，我們比越南人更接近越南人的祖先|http://mp.weixin.qq.com/s?__biz=MzA5NDAwMjc4NA==&mid=2649738004&idx=1&sn=29e24e256bfbda27fa8af21a89adb6ce&chksm=884e201bbf39a90d00c0e0e306fc7c7805c0a32529e5a2cd61d7797d5b5354cb34e55b229dec#rd
2016年09月03日|民煮食堂第四回 _ 一日糖水舖开张！|http://mp.weixin.qq.com/s?__biz=MzA5NDAwMjc4NA==&mid=2649738003&idx=1&sn=3935589f641f4845e7b77b8b29c2067c&chksm=884e201cbf39a90a860d63080eba7dc41970e47f332cfbfcb5535fba4e5e31e50963bcd39e52#rd
2016年08月23日|定海谈 _ 被实践的城市空间作为批判性的艺术实践|http://mp.weixin.qq.com/s?__biz=MzA5NDAwMjc4NA==&mid=2649737990&idx=1&sn=e2e4688987dc9da0c39df5e0743a9e65#rd
2016年08月16日|雁过定海｜互助社与瑞士地理学家L. Walter的快问快答|http://mp.weixin.qq.com/s?__biz=MzA5NDAwMjc4NA==&mid=2649737983&idx=1&sn=6e92173f40e0777226d231bc0c3593a7#rd
2016年08月14日|定海談｜我們為什麼不唱歌|http://mp.weixin.qq.com/s?__biz=MzA5NDAwMjc4NA==&mid=2649737979&idx=1&sn=4d4b73b876998c82a86c013ae056b300#rd
2016年08月11日
2016年08月10日|定海摊 _ 互助社二手回收业务开张在即！|http://mp.weixin.qq.com/s?__biz=MzA5NDAwMjc4NA==&mid=2649737970&idx=1&sn=24119289b86a34ae6b95013d2f1a7c6c#rd
2016年07月29日|定海谈 _ 论向明中学的动迁|http://mp.weixin.qq.com/s?__biz=MzA5NDAwMjc4NA==&mid=2649737960&idx=1&sn=975060671a5a1bfabdf4915144f3715e#rd
2016年07月27日|民煮食堂第三回 _ 在定海桥重建“圈子”的努力|http://mp.weixin.qq.com/s?__biz=MzA5NDAwMjc4NA==&mid=2649737954&idx=1&sn=970c922a7717ae3e7a3e16df098c2e4e#rd
2016年07月24日|定海谈 _ 亚裔美国人研究中的当代美国华裔文学问题|http://mp.weixin.qq.com/s?__biz=MzA5NDAwMjc4NA==&mid=2649737951&idx=1&sn=0784ff0e62fdf7c0ef9476e805a67293#rd
2016年07月19日|定海谈 _ 演讲之地：在科钦、横滨、上海、香港之间流动|http://mp.weixin.qq.com/s?__biz=MzA5NDAwMjc4NA==&mid=2649737946&idx=1&sn=be1dafbaf827c3511ca7aaa1321dd688#rd
2016年07月17日|定海谈 _ 进入个人历史：影像传记《马国权》放映与讨论|http://mp.weixin.qq.com/s?__biz=MzA5NDAwMjc4NA==&mid=2649737942&idx=1&sn=d3a091d5540321e157e4ac0aad9bcd3b#rd
2016年07月16日|定海谈 _ 进入个人历史：影像传记《马国权》放映与讨论|http://mp.weixin.qq.com/s?__biz=MzA5NDAwMjc4NA==&mid=2649737941&idx=1&sn=c8f4ebd8ce67627004dc420287a3cde1#rd
2016年07月12日|定海谈 _ 漫谈后苏联空间|http://mp.weixin.qq.com/s?__biz=MzA5NDAwMjc4NA==&mid=2649737934&idx=1&sn=020e7d3ded855cc5181ec40db054baf6#rd
2016年07月11日|定海谈 _ 泰国七日：华人、华侨与华文的几个片段|http://mp.weixin.qq.com/s?__biz=MzA5NDAwMjc4NA==&mid=2649737926&idx=1&sn=ee3a24c8fc9d5d04da92b9f024509068#rd
2016年07月09日|推介 _ 徐光祖、徐天天父女绘画展：你好！你好吗？|http://mp.weixin.qq.com/s?__biz=MzA5NDAwMjc4NA==&mid=2649737915&idx=1&sn=c8d6cab0bb2db4e026d86a95a22a7b30#rd
2016年07月07日|民煮食堂第二回 _ 别离|http://mp.weixin.qq.com/s?__biz=MzA5NDAwMjc4NA==&mid=2649737903&idx=1&sn=412a61e72bdf68d7ef5b6ac6c15cb486#rd
2016年07月04日||http://mmbiz.qpic.cn/mmbiz/QEottrLhBTibGibuTeoNjs3PvdSQmyRjSGD3JbFyCOQXaUMTYXEwmBH6g0nCOlia9eG1gQicN4f1z5WbFSz9zDFxaA/0?wx_fmt=jpeg
2016年07月03日|定海桥互助社周年庆暨大杨浦特选黑椒黑夜大放送~|http://mp.weixin.qq.com/s?__biz=MzA5NDAwMjc4NA==&mid=2649737891&idx=1&sn=cb9097e1663aff2460dbe364220ab0ec#rd
2016年07月02日|定海夜报｜故事创作班的栾奶奶口述登陆新民夜报！|http://mp.weixin.qq.com/s?__biz=MzA5NDAwMjc4NA==&mid=2649737886&idx=1&sn=a840983a6e800b94fc1147ab9062fbe8#rd
2016年06月29日|民煮食堂第一回 _ 从哈尔滨“奋斗副食”中走来|http://mp.weixin.qq.com/s?__biz=MzA5NDAwMjc4NA==&mid=2649737885&idx=1&sn=ea85c76d5da2fdad74a7208632d22d56#rd
2016年06月17日|定海谈 _ 吃好定海早饭就听李牧仇庄|http://mp.weixin.qq.com/s?__biz=MzA5NDAwMjc4NA==&mid=2649737868&idx=1&sn=495983cdffc2014d58b7bb926449bae6#rd
2016年06月16日|定海谈 _ 吃好定海早饭就听李牧仇庄|http://mp.weixin.qq.com/s?__biz=MzA5NDAwMjc4NA==&mid=2649737867&idx=1&sn=9d0695a259ba66555608f3d22b942ddd#rd
2016年06月15日|2015年11月1日傍晚，在活化厅外回复陈立的问卷|http://mp.weixin.qq.com/s?__biz=MzA5NDAwMjc4NA==&mid=2649737861&idx=1&sn=afac876e3b28aee23e0cdea1c4ffb40b#rd
2016年06月12日|定海谈 _ 绍兴柯桥轻纺市场的印度商人|http://mp.weixin.qq.com/s?__biz=MzA5NDAwMjc4NA==&mid=2649737849&idx=1&sn=c6130f3b89719692e33a174fa14d6da9#rd
2016年06月11日|任超 _ 体知孟加拉地区：区域与跨区域视角|http://mp.weixin.qq.com/s?__biz=MzA5NDAwMjc4NA==&mid=2649737848&idx=1&sn=f8e4de785b46208827e72431181b9378#rd
2016年06月10日|定海桥互助社5月帐目公开与捐赠鸣谢|http://mp.weixin.qq.com/s?__biz=MzA5NDAwMjc4NA==&mid=2649737831&idx=1&sn=df4b4471c8d0ff81efb08f4154635ec1#rd
2016年06月06日|定海桥故事创作班工作汇报|http://mp.weixin.qq.com/s?__biz=MzA5NDAwMjc4NA==&mid=2649737823&idx=1&sn=b1a8c9a5a6079d217b1fef5f3bd6518d#rd
2016年06月01日|福利｜互助社笨蛋儿童大放送！|http://mp.weixin.qq.com/s?__biz=MzA5NDAwMjc4NA==&mid=2649737817&idx=1&sn=4267a0b810e020e76773f16a1cf9bbcd#rd
2016年05月31日|定海谈_性食家阳春教你享受玩转娱乐『性骚扰』|http://mp.weixin.qq.com/s?__biz=MzA5NDAwMjc4NA==&mid=2649737811&idx=1&sn=e26594d7680ac4ca25d10ac540863f18#rd
2016年05月29日|定海谈 _ How True is Truly Asia？百代照相馆沿途故事集|http://mp.weixin.qq.com/s?__biz=MzA5NDAwMjc4NA==&mid=2649737809&idx=1&sn=d853aef07b369ac74461bdf3a3c96303#rd
2016年05月28日|区秀诒_马来西亚的族群建构，棉佳兰的影像政治和克里斯计划|http://mp.weixin.qq.com/s?__biz=MzA5NDAwMjc4NA==&mid=2649737808&idx=1&sn=55e052914bb23eba5a6e86a5fae73686#rd
2016年05月26日|定海夜报（拆违系列）_ 城中村“拆违奇迹”的背后：以闵行区S村为例|http://mp.weixin.qq.com/s?__biz=MzA5NDAwMjc4NA==&mid=2649737789&idx=1&sn=67dfd69f313a52d21650c670fed229dd#rd
2016年05月25日|定海夜报（拆违系列）_ 城中村“拆违奇迹”的背后：以闵行区S村为例|http://mp.weixin.qq.com/s?__biz=MzA5NDAwMjc4NA==&mid=2649737788&idx=1&sn=84866bbe2e95d02c7b10fd9f6af44120#rd
2016年05月22日|定海谈 _ 香港文学馆和“文学作为工作”|http://mp.weixin.qq.com/s?__biz=MzA5NDAwMjc4NA==&mid=2649737774&idx=1&sn=14a8de7d26ab3c266e0e0557c39a8e41#rd
2016年05月15日|定海谈 _ 关于“拆违”整治的小组自修|http://mp.weixin.qq.com/s?__biz=MzA5NDAwMjc4NA==&mid=2649737765&idx=1&sn=aab53cafe2d40ed16c09e86c0caf6a7b#rd
2016年05月15日|定海夜报（拆违系列） _ 延庆路落雨，五原路打雷|http://mp.weixin.qq.com/s?__biz=MzA5NDAwMjc4NA==&mid=2649737765&idx=2&sn=8d516d0b6ca5db1ccf5bf66314c4adad#rd
2016年05月12日|『定海宴』本周日晚开张：一张圆台面，预定从速~|http://mp.weixin.qq.com/s?__biz=MzA5NDAwMjc4NA==&mid=2649737757&idx=1&sn=9d62403d1aed30b279e6bf88dfe04315#rd
2016年05月12日|定海桥互助社四月帐目公开暨捐赠鸣谢|http://mp.weixin.qq.com/s?__biz=MzA5NDAwMjc4NA==&mid=2649737757&idx=2&sn=6d648586f6a0101d5edefc03bc0b058f#rd
2016年05月10日|定海谈 _ 关于大马的十部短片|http://mp.weixin.qq.com/s?__biz=MzA5NDAwMjc4NA==&mid=2649737750&idx=1&sn=46a5e9aac1df6b28e19bf0433ec46344#rd
2016年05月07日|定海谈 _ 音乐世界与迁徙族群|http://mp.weixin.qq.com/s?__biz=MzA5NDAwMjc4NA==&mid=2649737740&idx=1&sn=06fd1fc8577349f2413b10a69ccdfbde#rd
2016年04月29日|定海谈 _ 砂拉越左翼运动简史|http://mp.weixin.qq.com/s?__biz=MzA5NDAwMjc4NA==&mid=2649737706&idx=1&sn=ede9594caf3857f1ca1332dbab4ad380#rd
2016年04月26日|定海夜报｜面对老人|http://mp.weixin.qq.com/s?__biz=MzA5NDAwMjc4NA==&mid=2649737698&idx=1&sn=db2496b461a1ca74399802130e52712c#rd
2016年04月21日|定海第一摊视频回顾和心得体会 _ 蹲着的人成一个世界|http://mp.weixin.qq.com/s?__biz=MzA5NDAwMjc4NA==&mid=2649737688&idx=1&sn=e9f19de8c5b8059696d9295c5a17cb92#rd
2016年04月18日|定海谈 _ 晨雨煮酒话麋鹿|http://mp.weixin.qq.com/s?__biz=MzA5NDAwMjc4NA==&mid=2649737682&idx=1&sn=ecf312b1804456e06d69f07991842ca2#rd
2016年04月14日|定海摊 _ 互助社和冯火阿史联手“摆摊”于爱国路特别活动暨热烈祝贺《冯🔥月刊》定海桥互助社售卖点开张|http://mp.weixin.qq.com/s?__biz=MzA5NDAwMjc4NA==&mid=2649737666&idx=1&sn=19c0afc817ab7fd55d071d430d71f39c#rd
2016年04月10日|定海谈 _《星国恋》放映与讨论|http://mp.weixin.qq.com/s?__biz=MzA5NDAwMjc4NA==&mid=2649737658&idx=1&sn=6f0b212f033dac855d5a5be291ab2d86#rd
2016年04月10日|潘婉明：舐犊遗憾——《星国恋》的流亡叙事及其他|http://mp.weixin.qq.com/s?__biz=MzA5NDAwMjc4NA==&mid=2649737658&idx=2&sn=7a4e26e1b1359babb8225e58cd05ba1f#rd
2016年04月08日|_定海桥故事创作班_面向街坊和社会招募学员啦～|http://mp.weixin.qq.com/s?__biz=MzA5NDAwMjc4NA==&mid=2649737653&idx=1&sn=24e6d82788380b1cbd2cf3e3bc6f07ae#rd
2016年04月07日|定海谈 _ 仕绅化与艺术之作为|http://mp.weixin.qq.com/s?__biz=MzA5NDAwMjc4NA==&mid=2649737647&idx=1&sn=10e0ae2298400969ac302a38066ea8e8#rd
2016年04月07日|许煜：仕绅化与文化工业|http://mp.weixin.qq.com/s?__biz=MzA5NDAwMjc4NA==&mid=2649737647&idx=2&sn=8a564fa2ca686b37455b4632913b406a#rd
2016年03月31日|定海谈 _ 印度春天：学生运动的再起与今日印度的新政治|http://mp.weixin.qq.com/s?__biz=MzA5NDAwMjc4NA==&mid=402253989&idx=1&sn=663c8223ef9fc0d5e3396743cd645c54#rd
2016年03月27日|定海谈回顾 _ 再返马来亚：历史与认同（下）|http://mp.weixin.qq.com/s?__biz=MzA5NDAwMjc4NA==&mid=402216139&idx=1&sn=b3f8e907c69b18816aee4b703e9a60fd#rd
2016年03月24日|定海谈 _ 跨越两岸的对话|http://mp.weixin.qq.com/s?__biz=MzA5NDAwMjc4NA==&mid=402179982&idx=1&sn=36e6ba693d0dec811df2847dc6b7a40b#rd
2016年03月24日|何春蕤谈台湾年度十大性权事件四篇|http://mp.weixin.qq.com/s?__biz=MzA5NDAwMjc4NA==&mid=402179982&idx=2&sn=b3f296d8ae9025be972cabd9af5aea38#rd
2016年03月24日|宁应斌：后统一、公民社会与文明现代|http://mp.weixin.qq.com/s?__biz=MzA5NDAwMjc4NA==&mid=402179982&idx=3&sn=ba843b8659612cdaee3832bedeb0c807#rd
2016年03月23日|定海谈回顾 _ 再返马来亚：历史与认同（上）|http://mp.weixin.qq.com/s?__biz=MzA5NDAwMjc4NA==&mid=402141171&idx=1&sn=40104c6206912e1fb26c1a799fd0cfdd#rd
2016年03月21日|定海谈 _ 战后日本的社会运动与社会思潮|http://mp.weixin.qq.com/s?__biz=MzA5NDAwMjc4NA==&mid=402126534&idx=1&sn=c8b77c1357f0557da783efab2891e63c#rd
2016年03月14日|定海谈 _ 站在虹口，看隔都历史意义的生产与消费|http://mp.weixin.qq.com/s?__biz=MzA5NDAwMjc4NA==&mid=402060491&idx=1&sn=9b572499ee360ea9b4d9db86138dfe12#rd
2016年03月14日|定海谈（补遗）_ 李文看武汉|http://mp.weixin.qq.com/s?__biz=MzA5NDAwMjc4NA==&mid=402060491&idx=2&sn=a996ba3fd48c31bfd94eb2c495506c8b#rd
2016年02月27日|定海谈 _ 石库门的形成与空间组织性特征|http://mp.weixin.qq.com/s?__biz=MzA5NDAwMjc4NA==&mid=401878917&idx=1&sn=76c991dd365a52ab0330666a763a3079#rd
2016年02月26日|定海夜报 _ 余师傅的油墩子和袁老爷叔的小板凳|http://mp.weixin.qq.com/s?__biz=MzA5NDAwMjc4NA==&mid=401863302&idx=1&sn=1e16b06ecffbc435cd1828c61bc3330c#rd
2016年02月25日|定海夜报 _ 余师傅的油墩子和袁老爷叔的小板凳|http://mp.weixin.qq.com/s?__biz=MzA5NDAwMjc4NA==&mid=401863206&idx=1&sn=326ccfe3a6c029b042aa59f94b1de49c#rd
2016年02月18日|定海谈 _ 西南村镇旅游发展的内部观察|http://mp.weixin.qq.com/s?__biz=MzA5NDAwMjc4NA==&mid=401787179&idx=1&sn=68cabe489a1b20abde078fd62820e42d#rd
2016年02月17日|定海手工 _ 迎上元·竹篾手提兔子灯工作坊|http://mp.weixin.qq.com/s?__biz=MzA5NDAwMjc4NA==&mid=401782618&idx=1&sn=957378a46e60e2618ea29f4e9b7b7a73#rd
2016年02月03日|定海谈 _ 艺术、设计与传统村落之变|http://mp.weixin.qq.com/s?__biz=MzA5NDAwMjc4NA==&mid=401190935&idx=1&sn=84cf4a0f797643579d2ad20304ac18f6#rd
2016年01月27日|​守护嘉善路菜场 _ ​王伟强|http://mp.weixin.qq.com/s?__biz=MzA5NDAwMjc4NA==&mid=401141977&idx=1&sn=9f63bbaa2934d707ec1ea66c7ebced5a#rd
2016年01月23日|定海谈｜菜场，马路的，设计的|http://mp.weixin.qq.com/s?__biz=MzA5NDAwMjc4NA==&mid=401101932&idx=1&sn=9454d5fce93b5ecd91beacf1e883f162#rd
2016年01月18日|献计献策茶话会｜社区晚托班怎么办？|http://mp.weixin.qq.com/s?__biz=MzA5NDAwMjc4NA==&mid=401056806&idx=1&sn=01e4bcab16f3e7db1a3697f9afa945ba#rd
2016年01月17日|定海谈 _ 田林新村：自下而上的生活力量及其未来|http://mp.weixin.qq.com/s?__biz=MzA5NDAwMjc4NA==&mid=401041880&idx=1&sn=385f6539beeb0cbfebe4abd6b189cdf2#rd
2016年01月16日|定海桥互助社寒假晚托班正式开班啦~|http://mp.weixin.qq.com/s?__biz=MzA5NDAwMjc4NA==&mid=401037062&idx=1&sn=3da832e02a910dbca06fe8d2386feccd#rd
2016年01月14日|现代性对保存系统的迷恋（黎巴嫩，毕拉勒·克贝兹）|http://mp.weixin.qq.com/s?__biz=MzA5NDAwMjc4NA==&mid=401007074&idx=1&sn=debee9a8806faa5e943721d607608c4e#rd
2016年01月13日|定海谈_失败书店：外地接驳与本地连接|http://mp.weixin.qq.com/s?__biz=MzA5NDAwMjc4NA==&mid=400998976&idx=1&sn=0f02c1812e7b76f92b6264b4fb68bca9#rd
2016年01月10日|定海谈 _ 当代汉语与实践问题|http://mp.weixin.qq.com/s?__biz=MzA5NDAwMjc4NA==&mid=400974734&idx=1&sn=4f90932bf796365bb81dc21975421adb#rd
2016年01月07日|台北台北｜東亞大笨蛋串聯PARTY：世界版圖的縫隙，城市邊緣的戰鬥|http://mp.weixin.qq.com/s?__biz=MzA5NDAwMjc4NA==&mid=400951823&idx=1&sn=58251ff0ddb5df0e334aafcdbe58c01b#rd
2015年12月25日|定海谈｜敦煌与景德镇在临界点上|http://mp.weixin.qq.com/s?__biz=MzA5NDAwMjc4NA==&mid=400795638&idx=1&sn=21dcb552886e2086588daa10f8449948#rd
2015年12月19日|定海谈 _ 定海桥“声音漫步”，重听公共之声|http://mp.weixin.qq.com/s?__biz=MzA5NDAwMjc4NA==&mid=400684415&idx=1&sn=576f42643ffdb5135c3b4a377d82f6f3#rd
2015年12月12日|定海談 _ 區秀詒、王明輝和瓦旦．塢瑪的創作暢談會|http://mp.weixin.qq.com/s?__biz=MzA5NDAwMjc4NA==&mid=400519492&idx=1&sn=3ebdcb8091cf95d6f7f4fd07988163d9#rd
2015年12月11日|笨蛋风筝工作坊 _ 你有什么笨蛋故事想放？|http://mp.weixin.qq.com/s?__biz=MzA5NDAwMjc4NA==&mid=400513208&idx=1&sn=60f831221b155e7ee1c7b2ae52fe7872#rd
2015年12月07日|演出预告 _“红房子，绿房子”影戏在十七2居委|http://mp.weixin.qq.com/s?__biz=MzA5NDAwMjc4NA==&mid=400444766&idx=1&sn=3e52d3f9d1fd99c9abf15bd7af953ab3#rd
2015年12月02日|荐_王墨林x黑名单工作室《哈姆雷特机器诠释学》上海首演|http://mp.weixin.qq.com/s?__biz=MzA5NDAwMjc4NA==&mid=400389162&idx=1&sn=67ec799b9c495ff79c61567cd49e5c36#rd
2015年11月24日|定海谈 _ 一次对“上海城市空间艺术季”的小组自修|http://mp.weixin.qq.com/s?__biz=MzA5NDAwMjc4NA==&mid=400297006&idx=1&sn=6b7c845bd6219a460e5566cbf755787a#rd
2015年11月22日|号外 _ 热烈祝贺松本哉笨蛋访问整版发表|http://mp.weixin.qq.com/s?__biz=MzA5NDAwMjc4NA==&mid=400274422&idx=1&sn=2c7ee4c0cc49227fb75c301abcf28603#rd
2015年11月18日|串联 _ 历史的是现实的也是艺术的：定海桥互助社成都报告|http://mp.weixin.qq.com/s?__biz=MzA5NDAwMjc4NA==&mid=400234721&idx=1&sn=192f1e7b760dcb9ba104ef2b208f8e84#rd
2015年11月12日|定海谈 _ 一座栖于寺庙的大阪社区剧场的尝试|http://mp.weixin.qq.com/s?__biz=MzA5NDAwMjc4NA==&mid=400177067&idx=1&sn=280eceb32f56c2836a4fdf26f325bd25#rd
2015年11月08日|定海谈 _ 达拉维不是贫民窟|http://mp.weixin.qq.com/s?__biz=MzA5NDAwMjc4NA==&mid=400150400&idx=1&sn=63fb16107c45fe0ed4d826dc35c0c58f#rd
2015年11月03日|定海谈 _ 伊朗：内部与外部|http://mp.weixin.qq.com/s?__biz=MzA5NDAwMjc4NA==&mid=400116657&idx=1&sn=5794c3081f23a0b6e2355d731a1efff3#rd
2015年10月18日|定海谈 _ 香港最小的公园在深水埗|http://mp.weixin.qq.com/s?__biz=MzA5NDAwMjc4NA==&mid=400014371&idx=1&sn=5161ffe306cf8fe9ec63cd399da4b009#rd
2015年10月17日|黑料倒计时！！一大波吃货即将袭来|http://mp.weixin.qq.com/s?__biz=MzA5NDAwMjc4NA==&mid=400007930&idx=1&sn=bc5efc3f80a7d1f0008a88bc28aa2730#rd
2015年10月16日|定海桥黑暗料理惊现东斯文里外！（只此一夜！）|http://mp.weixin.qq.com/s?__biz=MzA5NDAwMjc4NA==&mid=400004683&idx=1&sn=9df8c862383a187fbacdc4f4e3ab1d30#rd
2015年10月09日|定海宴预告｜10.9菜单和三地连线名单|http://mp.weixin.qq.com/s?__biz=MzA5NDAwMjc4NA==&mid=206873076&idx=1&sn=d2ef56c1a9003528d7b68e583a02af87#rd
2015年10月09日|号外 _ 松本哉博客（连载二）：不要唯命是从，尽兴胡来|http://mp.weixin.qq.com/s?__biz=MzA5NDAwMjc4NA==&mid=206873076&idx=2&sn=cc31cb522b7393871d08c35a0b8cf161#rd
2015年10月08日|号外 _ 松本哉博客：在定海路看到大岛站前的中之桥商店街！！！|http://mp.weixin.qq.com/s?__biz=MzA5NDAwMjc4NA==&mid=206866431&idx=1&sn=7604c3d1fbb032ea9a300293916e914d#rd
2015年10月08日|定海宴第一场 _ “松本放送”暨金秋河蟹大会|http://mp.weixin.qq.com/s?__biz=MzA5NDAwMjc4NA==&mid=206866431&idx=2&sn=26a5712e5b5f557fa9287c0a90b69193#rd
2015年09月29日|定海谈 _“国庆前夜我们如何欢度生日“：定海桥互助社“省港大串联”专题汇报晚会|http://mp.weixin.qq.com/s?__biz=MzA5NDAwMjc4NA==&mid=206817050&idx=1&sn=296ca14636245f76d9f8d555b4d82ecc#rd
2015年09月15日|定海谈 _ 松本哉号召建立“东亚文化圈笨蛋地下文化”喝酒+宵夜+谈话|http://mp.weixin.qq.com/s?__biz=MzA5NDAwMjc4NA==&mid=206687724&idx=1&sn=8f4867f901591cf6a1298d38400b725a#rd
2015年09月14日|定海谈 _ 松本哉号召建立“东亚文化圈笨蛋地下文化”喝酒+宵夜+谈话|http://mp.weixin.qq.com/s?__biz=MzA5NDAwMjc4NA==&mid=206678108&idx=1&sn=a44baeeec13d39084179e072564999c9#rd
2015年09月11日|定海谈 _ 王炜 X 郑宏彬：就近说明——有关当代共同问题的几种方法与再描述|http://mp.weixin.qq.com/s?__biz=MzA5NDAwMjc4NA==&mid=206645559&idx=1&sn=db55faaa79c3a5c2a4c71d8817bb37e5#rd
2015年09月01日|真的有街坊嗎？——GGG展覽後小插曲的反思|http://mp.weixin.qq.com/s?__biz=MzA5NDAwMjc4NA==&mid=206571533&idx=1&sn=cc8dd6028756d27d883d53a156415d7b#rd
2015年08月31日|定海沙龙 _ 再返马来亚：历史与认同|http://mp.weixin.qq.com/s?__biz=MzA5NDAwMjc4NA==&mid=206554282&idx=1&sn=7ebc2923c047b3d45d3176ffe9a00f48#rd
2015年08月22日|召集 _ 跟戴老先生走公益坊|http://mp.weixin.qq.com/s?__biz=MzA5NDAwMjc4NA==&mid=206471796&idx=1&sn=ae4f4c5744094b58f39734348a977343#rd
2015年06月13日|定海桥儿童绘画班毕业展开幕！|http://mp.weixin.qq.com/s?__biz=MzA5NDAwMjc4NA==&mid=205322563&idx=1&sn=3796e0fbcc8f0c0e4ad29e2159cc1e7e#rd
2015年05月25日|定海桥厂史_李亚峰讲述生产孩儿面的可蒙厂|http://mp.weixin.qq.com/s?__biz=MzA5NDAwMjc4NA==&mid=204790434&idx=1&sn=26b8af7f919f69df95d943da95f0e6eb#rd
2015年05月07日|定海桥厂史系列之二：可蒙厂|http://mp.weixin.qq.com/s?__biz=MzA5NDAwMjc4NA==&mid=204201831&idx=1&sn=899799962607d6c692e3f1d213923669#rd
2014年12月02日|肮脏地带的“自白” —— 肮脏地带条例发布会|http://mp.weixin.qq.com/s?__biz=MzA5NDAwMjc4NA==&mid=201118094&idx=1&sn=946991a2493c4097fddb3f166917270a#rd
2014年11月15日|未消散的胡志明小道|http://mp.weixin.qq.com/s?__biz=MzA5NDAwMjc4NA==&mid=200757329&idx=1&sn=c0be078cf1ac1c3c6bc3ee098dd6426d#rd
2014年11月05日|2014 Same-Same工作坊展览|http://mp.weixin.qq.com/s?__biz=MzA5NDAwMjc4NA==&mid=200609255&idx=1&sn=4189108b738df2c12a9b20ad40b81631#rd
2014年11月05日|“上海拼贴：定海桥”工作坊终期评图|http://mp.weixin.qq.com/s?__biz=MzA5NDAwMjc4NA==&mid=200609255&idx=2&sn=8c6fcb4b9944476f1d9176d83d31ee55#rd
2014年11月04日|“上海拼贴：定海桥”工作坊终期评图|http://mp.weixin.qq.com/s?__biz=MzA5NDAwMjc4NA==&mid=200604976&idx=1&sn=39d29e718e22e08a3e578bea07a1a61b#rd
2014年11月04日|讲座录音 _ 上海工人新村简史（王伟强）|http://mp.weixin.qq.com/s?__biz=MzA5NDAwMjc4NA==&mid=200604976&idx=2&sn=c9f35f4fbec85ea6cf59276df5d492df#rd
2014年10月31日|“上海拼贴：定海桥”工作坊中期评图与讨论|http://mp.weixin.qq.com/s?__biz=MzA5NDAwMjc4NA==&mid=200550026&idx=1&sn=b377e4388484a747efdf39fd45610d0a#rd
2014年10月31日|讲座录音 _ 从城市发展史阅读上海建筑（赵冬梅）|http://mp.weixin.qq.com/s?__biz=MzA5NDAwMjc4NA==&mid=200550026&idx=2&sn=3d3ca1a0ae063fe2084ff37cf9b584ad#rd
2014年10月31日|讲座录音 _ 共生的社群（Kalpit Ashar）|http://mp.weixin.qq.com/s?__biz=MzA5NDAwMjc4NA==&mid=200550026&idx=3&sn=d91a6f4bba28b435fc97f5e671a175c5#rd
2014年10月28日|定海桥PSA展览开幕活动 _ Same-Same 2014 工作坊开题讲座|http://mp.weixin.qq.com/s?__biz=MzA5NDAwMjc4NA==&mid=200490566&idx=1&sn=f85d41980250665b9c23081c1002f9dd#rd
2014年10月26日|PSA“青策展”邀请函 _ 定海桥：对历史的艺术实践10月28日开幕|http://mp.weixin.qq.com/s?__biz=MzA5NDAwMjc4NA==&mid=200474941&idx=1&sn=b82deb7bb16b36ff56d721296d1ba1a6#rd
